2020-05-18 06:00:00-06:00,0.0
2020-05-18 06:05:00-06:00,-195.9
2020-05-18 06:10:00-06:00,-195.9
2020-05-18 06:15:00-06:00,-195.9
2020-05-18 06:20:00-06:00,-195.9
2020-05-18 06:25:00-06:00,-195.9
2020-05-18 06:30:00-06:00,-195.9
2020-05-18 06:35:00-06:00,-195.9
2020-05-18 06:40:00-06:00,-195.9
2020-05-18 06:45:00-06:00,-195.9
2020-05-18 06:50:00-06:00,-195.9
2020-05-18 06:55:00-06:00,-195.9
2020-05-18 07:00:00-06:00,-195.9
2020-05-18 07:05:00-06:00,-195.9
2020-05-18 07:10:00-06:00,-195.9
2020-05-18 07:15:00-06:00,-195.9
2020-05-18 07:20:00-06:00,-195.9
2020-05-18 07:25:00-06:00,-195.9
2020-05-18 07:30:00-06:00,-195.9
2020-05-18 07:35:00-06:00,-195.9
2020-05-18 07:40:00-06:00,-195.9
2020-05-18 07:45:00-06:00,-195.9
2020-05-18 07:50:00-06:00,-195.9
2020-05-18 07:55:00-06:00,-195.9
2020-05-18 08:00:00-06:00,-195.9
2020-05-18 08:05:00-06:00,-195.9
2020-05-18 08:10:00-06:00,-195.9
2020-05-18 08:15:00-06:00,-195.9
2020-05-18 08:20:00-06:00,-195.9
2020-05-18 08:25:00-06:00,-195.9
2020-05-18 08:30:00-06:00,-195.9
2020-05-18 08:35:00-06:00,-195.9
2020-05-18 08:40:00-06:00,-195.9
2020-05-18 08:45:00-06:00,-195.9
2020-05-18 08:50:00-06:00,-195.9
2020-05-18 08:55:00-06:00,-195.9
2020-05-18 09:00:00-06:00,-195.9
2020-05-18 09:05:00-06:00,-195.9
2020-05-18 09:10:00-06:00,-195.9
2020-05-18 09:15:00-06:00,-195.9
2020-05-18 09:20:00-06:00,-195.9
2020-05-18 09:25:00-06:00,-195.9
2020-05-18 09:30:00-06:00,-195.9
2020-05-18 09:35:00-06:00,-195.9
2020-05-18 09:40:00-06:00,-195.9
2020-05-18 09:45:00-06:00,-195.9
2020-05-18 09:50:00-06:00,-195.9
2020-05-18 09:55:00-06:00,-195.9
2020-05-18 10:00:00-06:00,-195.9
2020-05-18 10:05:00-06:00,-195.9
2020-05-18 10:10:00-06:00,-195.9
2020-05-18 10:15:00-06:00,-195.9
2020-05-18 10:20:00-06:00,-195.9
2020-05-18 10:25:00-06:00,-195.9
2020-05-18 10:30:00-06:00,-195.9
2020-05-18 10:35:00-06:00,-195.9
2020-05-18 10:40:00-06:00,-195.9
2020-05-18 10:45:00-06:00,-195.9
2020-05-18 10:50:00-06:00,-195.9
2020-05-18 10:55:00-06:00,-458.19844132431484
2020-05-18 11:00:00-06:00,-437.90855511436627
2020-05-18 11:05:00-06:00,-417.60791855413123
2020-05-18 11:10:00-06:00,-397.28929930980075
2020-05-18 11:15:00-06:00,-376.9445552123167
2020-05-18 11:20:00-06:00,-356.5648934265626
2020-05-18 11:25:00-06:00,-336.1407496920884
2020-05-18 11:30:00-06:00,-315.6618947835591
2020-05-18 11:35:00-06:00,-295.11755288397893
2020-05-18 11:40:00-06:00,-274.49629339548017
2020-05-18 11:45:00-06:00,-253.78624924625365
2020-05-18 11:50:00-06:00,-232.9750168971513
2020-05-18 11:55:00-06:00,-212.0497541121198
2020-05-18 12:00:00-06:00,-190.99728600336203
2020-05-18 12:05:00-06:00,-187.35446582619434
2020-05-18 12:10:00-06:00,-183.5182879438182
2020-05-18 12:15:00-06:00,-179.47526157720682
2020-05-18 12:20:00-06:00,-175.21213604323813
2020-05-18 12:25:00-06:00,-170.71607089803933
2020-05-18 12:30:00-06:00,-165.97465949815304
2020-05-18 12:35:00-06:00,-160.97595293746323
2020-05-18 12:40:00-06:00,-155.70861865235142
2020-05-18 12:45:00-06:00,-150.16196218354673
2020-05-18 12:50:00-06:00,-144.3259233325041
2020-05-18 12:55:00-06:00,-138.19126168537315
2020-05-18 13:00:00-06:00,-131.749509979382
2020-05-18 13:05:00-06:00,-124.9930735076841
2020-05-18 13:10:00-06:00,-117.91520799229735
2020-05-18 13:15:00-06:00,-110.51017194954308
2020-05-18 13:20:00-06:00,-102.77318274975198
2020-05-18 13:25:00-06:00,-94.70041085218175
2020-05-18 13:30:00-06:00,-86.2891188522429
2020-05-18 13:35:00-06:00,-77.53759650354341
2020-05-18 13:40:00-06:00,-68.44515362998635
2020-05-18 13:45:00-06:00,-59.01220818472211
2020-05-18 13:50:00-06:00,-49.24023605185451
2020-05-18 13:55:00-06:00,-39.13171203629638
2020-05-18 14:00:00-06:00,-28.690217280171876
2020-05-18 14:05:00-06:00,-17.920320241601463
2020-05-18 14:10:00-06:00,-6.827544069180641
2020-05-18 14:15:00-06:00,4.58159624892083
2020-05-18 14:20:00-06:00,16.299697135876666
2020-05-18 14:25:00-06:00,28.31848735814945
2020-05-18 14:30:00-06:00,40.62893911529496
2020-05-18 14:35:00-06:00,53.22124547895065
2020-05-18 14:40:00-06:00,66.0849524649806
2020-05-18 14:45:00-06:00,79.20904323592035
2020-05-18 14:50:00-06:00,92.58197500438557
2020-05-18 14:55:00-06:00,106.19180181522495
2020-05-18 15:00:00-06:00,120.02628578905363
2020-05-18 15:05:00-06:00,107.93914133320469
2020-05-18 15:10:00-06:00,95.91566433608399
2020-05-18 15:15:00-06:00,83.94452684094504
2020-05-18 15:20:00-06:00,72.01544032849482
2020-05-18 15:25:00-06:00,60.119238131085254
2020-05-18 15:30:00-06:00,48.24794718939552
2020-05-18 15:35:00-06:00,36.39490397411274
2020-05-18 15:40:00-06:00,24.55477483596527
2020-05-18 15:45:00-06:00,12.72366517020299
2020-05-18 15:50:00-06:00,0.8991978761275035
2020-05-18 15:55:00-06:00,-10.919420427024017
2020-05-18 16:00:00-06:00,-22.73133649882927
2020-05-18 16:05:00-06:00,-34.53396602501086
2020-05-18 16:10:00-06:00,-46.3229472565928
2020-05-18 16:15:00-06:00,-58.09205756690332
2020-05-18 16:20:00-06:00,-69.83317971430665
2020-05-18 16:25:00-06:00,-195.9
2020-05-18 16:30:00-06:00,-195.9
2020-05-18 16:35:00-06:00,-195.9
2020-05-18 16:40:00-06:00,-195.9
2020-05-18 16:45:00-06:00,-195.9
2020-05-18 16:50:00-06:00,-195.9
2020-05-18 16:55:00-06:00,-195.9
2020-05-18 17:00:00-06:00,-195.9
2020-05-18 17:05:00-06:00,-195.9
2020-05-18 17:10:00-06:00,-195.9
2020-05-18 17:15:00-06:00,-195.9
2020-05-18 17:20:00-06:00,-195.9
2020-05-18 17:25:00-06:00,-195.9
2020-05-18 17:30:00-06:00,-195.9
2020-05-18 17:35:00-06:00,-195.9
2020-05-18 17:40:00-06:00,-195.9
2020-05-18 17:45:00-06:00,-195.9
2020-05-18 17:50:00-06:00,-195.9
2020-05-18 17:55:00-06:00,-195.9
2020-05-18 18:00:00-06:00,-195.9
2020-05-18 18:05:00-06:00,-195.9
2020-05-18 18:10:00-06:00,-195.9
2020-05-18 18:15:00-06:00,-195.9
2020-05-18 18:20:00-06:00,-195.9
2020-05-18 18:25:00-06:00,-195.9
2020-05-18 18:30:00-06:00,-195.9
2020-05-18 18:35:00-06:00,-195.9
2020-05-18 18:40:00-06:00,-195.9
2020-05-18 18:45:00-06:00,-195.9
2020-05-18 18:50:00-06:00,-195.9
2020-05-18 18:55:00-06:00,-195.9
2020-05-18 19:00:00-06:00,-195.9
2020-05-18 19:05:00-06:00,-195.9
2020-05-18 19:10:00-06:00,-195.9
2020-05-18 19:15:00-06:00,-195.9
2020-05-18 19:20:00-06:00,-195.9
2020-05-18 19:25:00-06:00,-195.9
2020-05-18 19:30:00-06:00,-195.9
2020-05-18 19:35:00-06:00,-195.9
2020-05-18 19:40:00-06:00,-195.9
2020-05-18 19:45:00-06:00,-195.9
2020-05-18 19:50:00-06:00,-195.9
2020-05-18 19:55:00-06:00,-195.9
2020-05-18 20:00:00-06:00,-195.9
2020-05-18 20:05:00-06:00,0.0
2020-05-18 20:10:00-06:00,0.0
2020-05-18 20:15:00-06:00,0.0
2020-05-18 20:20:00-06:00,0.0
2020-05-18 20:25:00-06:00,0.0
2020-05-18 20:30:00-06:00,0.0
2020-05-18 20:35:00-06:00,0.0
2020-05-18 20:40:00-06:00,0.0
2020-05-18 20:45:00-06:00,0.0
2020-05-18 20:50:00-06:00,0.0
2020-05-18 20:55:00-06:00,0.0
2020-05-18 21:00:00-06:00,0.0
2020-05-18 21:05:00-06:00,0.0
2020-05-18 21:10:00-06:00,0.0
2020-05-18 21:15:00-06:00,0.0
2020-05-18 21:20:00-06:00,0.0
2020-05-18 21:25:00-06:00,0.0
2020-05-18 21:30:00-06:00,0.0
2020-05-18 21:35:00-06:00,0.0
2020-05-18 21:40:00-06:00,0.0
2020-05-18 21:45:00-06:00,0.0
2020-05-18 21:50:00-06:00,0.0
2020-05-18 21:55:00-06:00,0.0
2020-05-18 22:00:00-06:00,0.0
2020-05-18 22:05:00-06:00,0.0
2020-05-18 22:10:00-06:00,0.0
2020-05-18 22:15:00-06:00,0.0
2020-05-18 22:20:00-06:00,0.0
2020-05-18 22:25:00-06:00,0.0
2020-05-18 22:30:00-06:00,0.0
2020-05-18 22:35:00-06:00,0.0
2020-05-18 22:40:00-06:00,0.0
2020-05-18 22:45:00-06:00,0.0
2020-05-18 22:50:00-06:00,0.0
2020-05-18 22:55:00-06:00,0.0
2020-05-18 23:00:00-06:00,0.0
2020-05-18 23:05:00-06:00,0.0
2020-05-18 23:10:00-06:00,0.0
2020-05-18 23:15:00-06:00,0.0
2020-05-18 23:20:00-06:00,0.0
2020-05-18 23:25:00-06:00,0.0
2020-05-18 23:30:00-06:00,0.0
2020-05-18 23:35:00-06:00,0.0
2020-05-18 23:40:00-06:00,0.0
2020-05-18 23:45:00-06:00,0.0
2020-05-18 23:50:00-06:00,0.0
2020-05-18 23:55:00-06:00,0.0
2020-05-19 00:00:00-06:00,0.0
2020-05-19 00:05:00-06:00,0.0
2020-05-19 00:10:00-06:00,0.0
2020-05-19 00:15:00-06:00,0.0
2020-05-19 00:20:00-06:00,0.0
2020-05-19 00:25:00-06:00,0.0
2020-05-19 00:30:00-06:00,0.0
2020-05-19 00:35:00-06:00,0.0
2020-05-19 00:40:00-06:00,0.0
2020-05-19 00:45:00-06:00,0.0
2020-05-19 00:50:00-06:00,0.0
2020-05-19 00:55:00-06:00,0.0
2020-05-19 01:00:00-06:00,0.0
2020-05-19 01:05:00-06:00,0.0
2020-05-19 01:10:00-06:00,0.0
2020-05-19 01:15:00-06:00,0.0
2020-05-19 01:20:00-06:00,0.0
2020-05-19 01:25:00-06:00,0.0
2020-05-19 01:30:00-06:00,0.0
2020-05-19 01:35:00-06:00,0.0
2020-05-19 01:40:00-06:00,0.0
2020-05-19 01:45:00-06:00,0.0
2020-05-19 01:50:00-06:00,0.0
2020-05-19 01:55:00-06:00,0.0
2020-05-19 02:00:00-06:00,0.0
2020-05-19 02:05:00-06:00,0.0
2020-05-19 02:10:00-06:00,0.0
2020-05-19 02:15:00-06:00,0.0
2020-05-19 02:20:00-06:00,0.0
2020-05-19 02:25:00-06:00,0.0
2020-05-19 02:30:00-06:00,0.0
2020-05-19 02:35:00-06:00,0.0
2020-05-19 02:40:00-06:00,0.0
2020-05-19 02:45:00-06:00,0.0
2020-05-19 02:50:00-06:00,0.0
2020-05-19 02:55:00-06:00,0.0
2020-05-19 03:00:00-06:00,0.0
2020-05-19 03:05:00-06:00,0.0
2020-05-19 03:10:00-06:00,0.0
2020-05-19 03:15:00-06:00,0.0
2020-05-19 03:20:00-06:00,0.0
2020-05-19 03:25:00-06:00,0.0
2020-05-19 03:30:00-06:00,0.0
2020-05-19 03:35:00-06:00,0.0
2020-05-19 03:40:00-06:00,0.0
2020-05-19 03:45:00-06:00,0.0
2020-05-19 03:50:00-06:00,0.0
2020-05-19 03:55:00-06:00,0.0
2020-05-19 04:00:00-06:00,0.0
2020-05-19 04:05:00-06:00,0.0
2020-05-19 04:10:00-06:00,0.0
2020-05-19 04:15:00-06:00,0.0
2020-05-19 04:20:00-06:00,0.0
2020-05-19 04:25:00-06:00,0.0
2020-05-19 04:30:00-06:00,0.0
2020-05-19 04:35:00-06:00,0.0
2020-05-19 04:40:00-06:00,0.0
2020-05-19 04:45:00-06:00,0.0
2020-05-19 04:50:00-06:00,0.0
2020-05-19 04:55:00-06:00,0.0
2020-05-19 05:00:00-06:00,0.0
2020-05-19 05:05:00-06:00,0.0
2020-05-19 05:10:00-06:00,0.0
2020-05-19 05:15:00-06:00,0.0
2020-05-19 05:20:00-06:00,0.0
2020-05-19 05:25:00-06:00,0.0
2020-05-19 05:30:00-06:00,0.0
2020-05-19 05:35:00-06:00,0.0
2020-05-19 05:40:00-06:00,0.0
2020-05-19 05:45:00-06:00,0.0
2020-05-19 05:50:00-06:00,0.0
2020-05-19 05:55:00-06:00,0.0
2020-05-19 06:00:00-06:00,0.0
2020-05-19 06:05:00-06:00,-195.9
2020-05-19 06:10:00-06:00,-195.9
2020-05-19 06:15:00-06:00,-195.9
2020-05-19 06:20:00-06:00,-195.9
2020-05-19 06:25:00-06:00,-195.9
2020-05-19 06:30:00-06:00,-195.9
2020-05-19 06:35:00-06:00,-195.9
2020-05-19 06:40:00-06:00,-195.9
2020-05-19 06:45:00-06:00,-195.9
2020-05-19 06:50:00-06:00,-195.9
2020-05-19 06:55:00-06:00,-195.9
2020-05-19 07:00:00-06:00,-195.9
2020-05-19 07:05:00-06:00,-195.9
2020-05-19 07:10:00-06:00,-195.9
2020-05-19 07:15:00-06:00,-195.9
2020-05-19 07:20:00-06:00,-195.9
2020-05-19 07:25:00-06:00,-195.9
2020-05-19 07:30:00-06:00,-195.9
2020-05-19 07:35:00-06:00,-195.9
2020-05-19 07:40:00-06:00,-195.9
2020-05-19 07:45:00-06:00,-195.9
2020-05-19 07:50:00-06:00,-195.9
2020-05-19 07:55:00-06:00,-195.9
2020-05-19 08:00:00-06:00,-195.9
2020-05-19 08:05:00-06:00,-195.9
2020-05-19 08:10:00-06:00,-195.9
2020-05-19 08:15:00-06:00,-195.9
2020-05-19 08:20:00-06:00,-195.9
2020-05-19 08:25:00-06:00,-195.9
2020-05-19 08:30:00-06:00,-195.9
2020-05-19 08:35:00-06:00,-429.342276669022
2020-05-19 08:40:00-06:00,-355.9131604918412
2020-05-19 08:45:00-06:00,-283.1009077384033
2020-05-19 08:50:00-06:00,-210.87924945013134
2020-05-19 08:55:00-06:00,-139.21901217348753
2020-05-19 09:00:00-06:00,-68.08864668210589
2020-05-19 09:05:00-06:00,-59.87490908647206
2020-05-19 09:10:00-06:00,-54.14824920460528
2020-05-19 09:15:00-06:00,-51.65636198212085
2020-05-19 09:20:00-06:00,-48.95210877287124
2020-05-19 09:25:00-06:00,-46.05993100963658
2020-05-19 09:30:00-06:00,-43.001867404535325
2020-05-19 09:35:00-06:00,-39.79745984409852
2020-05-19 09:40:00-06:00,-36.46384718801329
2020-05-19 09:45:00-06:00,-33.0158139724727
2020-05-19 09:50:00-06:00,-29.46579496604947
2020-05-19 09:55:00-06:00,-25.82399818846319
2020-05-19 10:00:00-06:00,-22.098429107966975
2020-05-19 10:05:00-06:00,-18.295071310415562
2020-05-19 10:10:00-06:00,-14.417861021966555
2020-05-19 10:15:00-06:00,-10.468865772574755
2020-05-19 10:20:00-06:00,-6.448374944252016
2020-05-19 10:25:00-06:00,-2.354976851639739
2020-05-19 10:30:00-06:00,1.8143460741969897
2020-05-19 10:35:00-06:00,6.0640374706840054
2020-05-19 10:40:00-06:00,10.399948538159752
2020-05-19 10:45:00-06:00,14.829206150447897
2020-05-19 10:50:00-06:00,19.360090167266108
2020-05-19 10:55:00-06:00,24.001927896827944
2020-05-19 11:00:00-06:00,28.76502906143929
2020-05-19 11:05:00-06:00,33.66058454219208
2020-05-19 11:10:00-06:00,38.70050383923695
2020-05-19 11:15:00-06:00,43.89742193359671
2020-05-19 11:20:00-06:00,49.26454968039817
2020-05-19 11:25:00-06:00,54.81556655334712
2020-05-19 11:30:00-06:00,60.564600357793125
2020-05-19 11:35:00-06:00,66.52610208295822
2020-05-19 11:40:00-06:00,72.7147894858528
2020-05-19 11:45:00-06:00,79.14552510865084
2020-05-19 11:50:00-06:00,85.83331929607087
2020-05-19 11:55:00-06:00,92.79322320995189
2020-05-19 12:00:00-06:00,100.04024449384283
2020-05-19 12:05:00-06:00,74.00378953001193
2020-05-19 12:10:00-06:00,48.5998379333328
2020-05-19 12:15:00-06:00,23.81931997719489
2020-05-19 12:20:00-06:00,-0.3485355682609407
2020-05-19 12:25:00-06:00,-23.91606641025826
2020-05-19 12:30:00-06:00,-46.89727878120392
2020-05-19 12:35:00-06:00,-69.30769817931325
2020-05-19 12:40:00-06:00,-91.1644271290198
2020-05-19 12:45:00-06:00,-112.48600149304964
2020-05-19 12:50:00-06:00,-133.29242703977147
2020-05-19 12:55:00-06:00,-153.6050166730239
2020-05-19 13:00:00-06:00,-173.44641023656752
2020-05-19 13:05:00-06:00,-192.8404054918205
2020-05-19 13:10:00-06:00,-211.8119921405341
2020-05-19 13:15:00-06:00,-230.3871093977822
2020-05-19 13:20:00-06:00,-248.59272642803182
2020-05-19 13:25:00-06:00,-195.9
2020-05-19 13:30:00-06:00,-195.9
2020-05-19 13:35:00-06:00,-195.9
2020-05-19 13:40:00-06:00,-195.9
2020-05-19 13:45:00-06:00,-195.9
2020-05-19 13:50:00-06:00,-195.9
2020-05-19 13:55:00-06:00,-195.9
2020-05-19 14:00:00-06:00,-195.9
2020-05-19 14:05:00-06:00,-195.9
2020-05-19 14:10:00-06:00,-195.9
2020-05-19 14:15:00-06:00,-195.9
2020-05-19 14:20:00-06:00,-195.9
2020-05-19 14:25:00-06:00,-195.9
2020-05-19 14:30:00-06:00,-195.9
2020-05-19 14:35:00-06:00,-195.9
2020-05-19 14:40:00-06:00,-195.9
2020-05-19 14:45:00-06:00,-195.9
2020-05-19 14:50:00-06:00,-195.9
2020-05-19 14:55:00-06:00,-195.9
2020-05-19 15:00:00-06:00,-195.9
2020-05-19 15:05:00-06:00,-195.9
2020-05-19 15:10:00-06:00,-195.9
2020-05-19 15:15:00-06:00,-195.9
2020-05-19 15:20:00-06:00,-195.9
2020-05-19 15:25:00-06:00,-195.9
2020-05-19 15:30:00-06:00,-195.9
2020-05-19 15:35:00-06:00,-195.9
2020-05-19 15:40:00-06:00,-195.9
2020-05-19 15:45:00-06:00,-195.9
2020-05-19 15:50:00-06:00,-195.9
2020-05-19 15:55:00-06:00,-195.9
2020-05-19 16:00:00-06:00,-195.9
2020-05-19 16:05:00-06:00,-195.9
2020-05-19 16:10:00-06:00,-195.9
2020-05-19 16:15:00-06:00,-195.9
2020-05-19 16:20:00-06:00,-195.9
2020-05-19 16:25:00-06:00,-195.9
2020-05-19 16:30:00-06:00,-195.9
2020-05-19 16:35:00-06:00,-195.9
2020-05-19 16:40:00-06:00,-195.9
2020-05-19 16:45:00-06:00,-195.9
2020-05-19 16:50:00-06:00,-195.9
2020-05-19 16:55:00-06:00,-195.9
2020-05-19 17:00:00-06:00,-195.9
2020-05-19 17:05:00-06:00,-195.9
2020-05-19 17:10:00-06:00,-195.9
2020-05-19 17:15:00-06:00,-195.9
2020-05-19 17:20:00-06:00,-195.9
2020-05-19 17:25:00-06:00,-195.9
2020-05-19 17:30:00-06:00,-195.9
2020-05-19 17:35:00-06:00,-195.9
2020-05-19 17:40:00-06:00,-195.9
2020-05-19 17:45:00-06:00,-195.9
2020-05-19 17:50:00-06:00,-195.9
2020-05-19 17:55:00-06:00,-195.9
2020-05-19 18:00:00-06:00,-195.9
2020-05-19 18:05:00-06:00,-195.9
2020-05-19 18:10:00-06:00,-195.9
2020-05-19 18:15:00-06:00,-195.9
2020-05-19 18:20:00-06:00,-195.9
2020-05-19 18:25:00-06:00,-195.9
2020-05-19 18:30:00-06:00,-195.9
2020-05-19 18:35:00-06:00,-195.9
2020-05-19 18:40:00-06:00,-195.9
2020-05-19 18:45:00-06:00,-195.9
2020-05-19 18:50:00-06:00,-195.9
2020-05-19 18:55:00-06:00,-195.9
2020-05-19 19:00:00-06:00,-195.9
2020-05-19 19:05:00-06:00,-195.9
2020-05-19 19:10:00-06:00,-195.9
2020-05-19 19:15:00-06:00,-195.9
2020-05-19 19:20:00-06:00,-195.9
2020-05-19 19:25:00-06:00,-195.9
2020-05-19 19:30:00-06:00,-195.9
2020-05-19 19:35:00-06:00,-195.9
2020-05-19 19:40:00-06:00,-195.9
2020-05-19 19:45:00-06:00,-195.9
2020-05-19 19:50:00-06:00,-195.9
2020-05-19 19:55:00-06:00,-195.9
2020-05-19 20:00:00-06:00,-195.9
2020-05-19 20:05:00-06:00,0.0
2020-05-19 20:10:00-06:00,0.0
2020-05-19 20:15:00-06:00,0.0
2020-05-19 20:20:00-06:00,0.0
2020-05-19 20:25:00-06:00,0.0
2020-05-19 20:30:00-06:00,0.0
2020-05-19 20:35:00-06:00,0.0
2020-05-19 20:40:00-06:00,0.0
2020-05-19 20:45:00-06:00,0.0
2020-05-19 20:50:00-06:00,0.0
2020-05-19 20:55:00-06:00,0.0
2020-05-19 21:00:00-06:00,0.0
2020-05-19 21:05:00-06:00,0.0
2020-05-19 21:10:00-06:00,0.0
2020-05-19 21:15:00-06:00,0.0
2020-05-19 21:20:00-06:00,0.0
2020-05-19 21:25:00-06:00,0.0
2020-05-19 21:30:00-06:00,0.0
2020-05-19 21:35:00-06:00,0.0
2020-05-19 21:40:00-06:00,0.0
2020-05-19 21:45:00-06:00,0.0
2020-05-19 21:50:00-06:00,0.0
2020-05-19 21:55:00-06:00,0.0
2020-05-19 22:00:00-06:00,0.0
2020-05-19 22:05:00-06:00,0.0
2020-05-19 22:10:00-06:00,0.0
2020-05-19 22:15:00-06:00,0.0
2020-05-19 22:20:00-06:00,0.0
2020-05-19 22:25:00-06:00,0.0
2020-05-19 22:30:00-06:00,0.0
2020-05-19 22:35:00-06:00,0.0
2020-05-19 22:40:00-06:00,0.0
2020-05-19 22:45:00-06:00,0.0
2020-05-19 22:50:00-06:00,0.0
2020-05-19 22:55:00-06:00,0.0
2020-05-19 23:00:00-06:00,0.0
2020-05-19 23:05:00-06:00,0.0
2020-05-19 23:10:00-06:00,0.0
2020-05-19 23:15:00-06:00,0.0
2020-05-19 23:20:00-06:00,0.0
2020-05-19 23:25:00-06:00,0.0
2020-05-19 23:30:00-06:00,0.0
2020-05-19 23:35:00-06:00,0.0
2020-05-19 23:40:00-06:00,0.0
2020-05-19 23:45:00-06:00,0.0
2020-05-19 23:50:00-06:00,0.0
2020-05-19 23:55:00-06:00,0.0
2020-05-20 00:00:00-06:00,0.0
2020-05-20 00:05:00-06:00,0.0
2020-05-20 00:10:00-06:00,0.0
2020-05-20 00:15:00-06:00,0.0
2020-05-20 00:20:00-06:00,0.0
2020-05-20 00:25:00-06:00,0.0
2020-05-20 00:30:00-06:00,0.0
2020-05-20 00:35:00-06:00,0.0
2020-05-20 00:40:00-06:00,0.0
2020-05-20 00:45:00-06:00,0.0
2020-05-20 00:50:00-06:00,0.0
2020-05-20 00:55:00-06:00,0.0
2020-05-20 01:00:00-06:00,0.0
2020-05-20 01:05:00-06:00,0.0
2020-05-20 01:10:00-06:00,0.0
2020-05-20 01:15:00-06:00,0.0
2020-05-20 01:20:00-06:00,0.0
2020-05-20 01:25:00-06:00,0.0
2020-05-20 01:30:00-06:00,0.0
2020-05-20 01:35:00-06:00,0.0
2020-05-20 01:40:00-06:00,0.0
2020-05-20 01:45:00-06:00,0.0
2020-05-20 01:50:00-06:00,0.0
2020-05-20 01:55:00-06:00,0.0
2020-05-20 02:00:00-06:00,0.0
2020-05-20 02:05:00-06:00,0.0
2020-05-20 02:10:00-06:00,0.0
2020-05-20 02:15:00-06:00,0.0
2020-05-20 02:20:00-06:00,0.0
2020-05-20 02:25:00-06:00,0.0
2020-05-20 02:30:00-06:00,0.0
2020-05-20 02:35:00-06:00,0.0
2020-05-20 02:40:00-06:00,0.0
2020-05-20 02:45:00-06:00,0.0
2020-05-20 02:50:00-06:00,0.0
2020-05-20 02:55:00-06:00,0.0
2020-05-20 03:00:00-06:00,0.0
2020-05-20 03:05:00-06:00,0.0
2020-05-20 03:10:00-06:00,0.0
2020-05-20 03:15:00-06:00,0.0
2020-05-20 03:20:00-06:00,0.0
2020-05-20 03:25:00-06:00,0.0
2020-05-20 03:30:00-06:00,0.0
2020-05-20 03:35:00-06:00,0.0
2020-05-20 03:40:00-06:00,0.0
2020-05-20 03:45:00-06:00,0.0
2020-05-20 03:50:00-06:00,0.0
2020-05-20 03:55:00-06:00,0.0
2020-05-20 04:00:00-06:00,0.0
2020-05-20 04:05:00-06:00,0.0
2020-05-20 04:10:00-06:00,0.0
2020-05-20 04:15:00-06:00,0.0
2020-05-20 04:20:00-06:00,0.0
2020-05-20 04:25:00-06:00,0.0
2020-05-20 04:30:00-06:00,0.0
2020-05-20 04:35:00-06:00,0.0
2020-05-20 04:40:00-06:00,0.0
2020-05-20 04:45:00-06:00,0.0
2020-05-20 04:50:00-06:00,0.0
2020-05-20 04:55:00-06:00,0.0
2020-05-20 05:00:00-06:00,0.0
2020-05-20 05:05:00-06:00,0.0
2020-05-20 05:10:00-06:00,0.0
2020-05-20 05:15:00-06:00,0.0
2020-05-20 05:20:00-06:00,0.0
2020-05-20 05:25:00-06:00,0.0
2020-05-20 05:30:00-06:00,0.0
2020-05-20 05:35:00-06:00,0.0
2020-05-20 05:40:00-06:00,0.0
2020-05-20 05:45:00-06:00,0.0
2020-05-20 05:50:00-06:00,0.0
2020-05-20 05:55:00-06:00,0.0
2020-05-20 06:00:00-06:00,0.0
2020-05-20 06:05:00-06:00,-195.9
2020-05-20 06:10:00-06:00,-195.9
2020-05-20 06:15:00-06:00,-195.9
2020-05-20 06:20:00-06:00,-195.9
2020-05-20 06:25:00-06:00,-195.9
2020-05-20 06:30:00-06:00,-195.9
2020-05-20 06:35:00-06:00,-195.9
2020-05-20 06:40:00-06:00,-195.9
2020-05-20 06:45:00-06:00,-195.9
2020-05-20 06:50:00-06:00,-195.9
2020-05-20 06:55:00-06:00,-195.9
2020-05-20 07:00:00-06:00,-195.9
2020-05-20 07:05:00-06:00,-195.9
2020-05-20 07:10:00-06:00,-195.9
2020-05-20 07:15:00-06:00,-195.9
2020-05-20 07:20:00-06:00,-195.9
2020-05-20 07:25:00-06:00,-195.9
2020-05-20 07:30:00-06:00,-195.9
2020-05-20 07:35:00-06:00,-195.9
2020-05-20 07:40:00-06:00,-195.9
2020-05-20 07:45:00-06:00,-195.9
2020-05-20 07:50:00-06:00,-195.9
2020-05-20 07:55:00-06:00,-195.9
2020-05-20 08:00:00-06:00,-195.9
2020-05-20 08:05:00-06:00,-195.9
2020-05-20 08:10:00-06:00,-195.9
2020-05-20 08:15:00-06:00,-195.9
2020-05-20 08:20:00-06:00,-195.9
2020-05-20 08:25:00-06:00,-195.9
2020-05-20 08:30:00-06:00,-195.9
2020-05-20 08:35:00-06:00,-445.90974163129624
2020-05-20 08:40:00-06:00,-371.53394322598257
2020-05-20 08:45:00-06:00,-297.7247667312921
2020-05-20 08:50:00-06:00,-224.4555242357227
2020-05-20 08:55:00-06:00,-151.6965398668356
2020-05-20 09:00:00-06:00,-79.4155644169758
2020-05-20 09:05:00-06:00,-71.15962219075195
2020-05-20 09:10:00-06:00,-63.424594367638285
2020-05-20 09:15:00-06:00,-61.00134935976534
2020-05-20 09:20:00-06:00,-58.350373503150095
2020-05-20 09:25:00-06:00,-55.497174940994185
2020-05-20 09:30:00-06:00,-52.46475459987003
2020-05-20 09:35:00-06:00,-49.273608705914505
2020-05-20 09:40:00-06:00,-45.941768846758656
2020-05-20 09:45:00-06:00,-42.48481546355972
2020-05-20 09:50:00-06:00,-38.91597789728562
2020-05-20 09:55:00-06:00,-35.24615841108855
2020-05-20 10:00:00-06:00,-31.484047429511687
2020-05-20 10:05:00-06:00,-27.636189925943263
2020-05-20 10:10:00-06:00,-23.70709862769111
2020-05-20 10:15:00-06:00,-19.69932556653912
2020-05-20 10:20:00-06:00,-15.613591023797767
2020-05-20 10:25:00-06:00,-11.448871418395385
2020-05-20 10:30:00-06:00,-7.202497167477132
2020-05-20 10:35:00-06:00,-2.8703071995205205
2020-05-20 10:40:00-06:00,1.5533077680026486
2020-05-20 10:45:00-06:00,6.07527167022944
2020-05-20 10:50:00-06:00,10.703708931540646
2020-05-20 10:55:00-06:00,15.44785495805576
2020-05-20 11:00:00-06:00,20.31794078593713
2020-05-20 11:05:00-06:00,25.325113399828993
2020-05-20 11:10:00-06:00,30.481315726691022
2020-05-20 11:15:00-06:00,35.79921763645902
2020-05-20 11:20:00-06:00,41.29209391064497
2020-05-20 11:25:00-06:00,46.97376122500825
2020-05-20 11:30:00-06:00,52.858483046020325
2020-05-20 11:35:00-06:00,58.960880356059185
2020-05-20 11:40:00-06:00,65.295869815075
2020-05-20 11:45:00-06:00,71.87857170566143
2020-05-20 11:50:00-06:00,78.72425705587712
2020-05-20 11:55:00-06:00,85.84823641781124
2020-05-20 12:00:00-06:00,93.26586128094561
2020-05-20 12:05:00-06:00,80.1769458894325
2020-05-20 12:10:00-06:00,67.60125100948909
2020-05-20 12:15:00-06:00,55.53404457911818
2020-05-20 12:20:00-06:00,43.97020442965121
2020-05-20 12:25:00-06:00,32.90412837870022
2020-05-20 12:30:00-06:00,22.32973425712269
2020-05-20 12:35:00-06:00,12.240446478451727
2020-05-20 12:40:00-06:00,2.6291755353720476
2020-05-20 12:45:00-06:00,-6.511680986868285
2020-05-20 12:50:00-06:00,-15.190240415405288
2020-05-20 12:55:00-06:00,-23.4151131051828
2020-05-20 13:00:00-06:00,-31.195396193442704
2020-05-20 13:05:00-06:00,-38.5406484673274
2020-05-20 13:10:00-06:00,-45.460871264901
2020-05-20 13:15:00-06:00,-51.966444685864985
2020-05-20 13:20:00-06:00,-58.068119305586734
2020-05-20 13:25:00-06:00,-63.776986810162114
2020-05-20 13:30:00-06:00,-69.1043849518997
2020-05-20 13:35:00-06:00,-74.0618917453159
2020-05-20 13:40:00-06:00,-78.66125960611473
2020-05-20 13:45:00-06:00,-82.91432982802151
2020-05-20 13:50:00-06:00,-86.83303014729887
2020-05-20 13:55:00-06:00,-90.42925053942317
2020-05-20 14:00:00-06:00,-93.71482786061833
2020-05-20 14:05:00-06:00,-96.70144119952484
2020-05-20 14:10:00-06:00,-99.40058031694943
2020-05-20 14:15:00-06:00,-101.82344138806131
2020-05-20 14:20:00-06:00,-103.98084541308317
2020-05-20 14:25:00-06:00,-105.88322331631097
2020-05-20 14:30:00-06:00,-107.54047749256263
2020-05-20 14:35:00-06:00,-108.96195091778833
2020-05-20 14:40:00-06:00,-110.15630322409982
2020-05-20 14:45:00-06:00,-111.13147732632108
2020-05-20 14:50:00-06:00,-111.89458197692466
2020-05-20 14:55:00-06:00,-112.45184734289367
2020-05-20 15:00:00-06:00,-112.80849671718073
2020-05-20 15:05:00-06:00,-124.1205440324482
2020-05-20 15:10:00-06:00,-135.30867692125645
2020-05-20 15:15:00-06:00,-146.38121053370725
2020-05-20 15:20:00-06:00,-157.34577925229212
2020-05-20 15:25:00-06:00,-168.20925033883267
2020-05-20 15:30:00-06:00,-178.97776297546395
2020-05-20 15:35:00-06:00,-189.656516731656
2020-05-20 15:40:00-06:00,-200.24982889336755
2020-05-20 15:45:00-06:00,-210.76101086919635
2020-05-20 15:50:00-06:00,-221.19228341757835
2020-05-20 15:55:00-06:00,-195.9
2020-05-20 16:00:00-06:00,-195.9
2020-05-20 16:05:00-06:00,-195.9
2020-05-20 16:10:00-06:00,-195.9
2020-05-20 16:15:00-06:00,-195.9
2020-05-20 16:20:00-06:00,-195.9
2020-05-20 16:25:00-06:00,-195.9
2020-05-20 16:30:00-06:00,-195.9
2020-05-20 16:35:00-06:00,-195.9
2020-05-20 16:40:00-06:00,-195.9
2020-05-20 16:45:00-06:00,-195.9
2020-05-20 16:50:00-06:00,-195.9
2020-05-20 16:55:00-06:00,-195.9
2020-05-20 17:00:00-06:00,-195.9
2020-05-20 17:05:00-06:00,-195.9
2020-05-20 17:10:00-06:00,-195.9
2020-05-20 17:15:00-06:00,-195.9
2020-05-20 17:20:00-06:00,-195.9
2020-05-20 17:25:00-06:00,-195.9
2020-05-20 17:30:00-06:00,-195.9
2020-05-20 17:35:00-06:00,-195.9
2020-05-20 17:40:00-06:00,-195.9
2020-05-20 17:45:00-06:00,-195.9
2020-05-20 17:50:00-06:00,-195.9
2020-05-20 17:55:00-06:00,-195.9
2020-05-20 18:00:00-06:00,-195.9
2020-05-20 18:05:00-06:00,-195.9
2020-05-20 18:10:00-06:00,-195.9
2020-05-20 18:15:00-06:00,-195.9
2020-05-20 18:20:00-06:00,-195.9
2020-05-20 18:25:00-06:00,-195.9
2020-05-20 18:30:00-06:00,-195.9
2020-05-20 18:35:00-06:00,-195.9
2020-05-20 18:40:00-06:00,-195.9
2020-05-20 18:45:00-06:00,-195.9
2020-05-20 18:50:00-06:00,-195.9
2020-05-20 18:55:00-06:00,-195.9
2020-05-20 19:00:00-06:00,-195.9
2020-05-20 19:05:00-06:00,-195.9
2020-05-20 19:10:00-06:00,-195.9
2020-05-20 19:15:00-06:00,-195.9
2020-05-20 19:20:00-06:00,-195.9
2020-05-20 19:25:00-06:00,-195.9
2020-05-20 19:30:00-06:00,-195.9
2020-05-20 19:35:00-06:00,-195.9
2020-05-20 19:40:00-06:00,-195.9
2020-05-20 19:45:00-06:00,-195.9
2020-05-20 19:50:00-06:00,-195.9
2020-05-20 19:55:00-06:00,-195.9
2020-05-20 20:00:00-06:00,-195.9
2020-05-20 20:05:00-06:00,-195.9
2020-05-20 20:10:00-06:00,0.0
2020-05-20 20:15:00-06:00,0.0
2020-05-20 20:20:00-06:00,0.0
2020-05-20 20:25:00-06:00,0.0
2020-05-20 20:30:00-06:00,0.0
2020-05-20 20:35:00-06:00,0.0
2020-05-20 20:40:00-06:00,0.0
2020-05-20 20:45:00-06:00,0.0
2020-05-20 20:50:00-06:00,0.0
2020-05-20 20:55:00-06:00,0.0
2020-05-20 21:00:00-06:00,0.0
2020-05-20 21:05:00-06:00,0.0
2020-05-20 21:10:00-06:00,0.0
2020-05-20 21:15:00-06:00,0.0
2020-05-20 21:20:00-06:00,0.0
2020-05-20 21:25:00-06:00,0.0
2020-05-20 21:30:00-06:00,0.0
2020-05-20 21:35:00-06:00,0.0
2020-05-20 21:40:00-06:00,0.0
2020-05-20 21:45:00-06:00,0.0
2020-05-20 21:50:00-06:00,0.0
2020-05-20 21:55:00-06:00,0.0
2020-05-20 22:00:00-06:00,0.0
2020-05-20 22:05:00-06:00,0.0
2020-05-20 22:10:00-06:00,0.0
2020-05-20 22:15:00-06:00,0.0
2020-05-20 22:20:00-06:00,0.0
2020-05-20 22:25:00-06:00,0.0
2020-05-20 22:30:00-06:00,0.0
2020-05-20 22:35:00-06:00,0.0
2020-05-20 22:40:00-06:00,0.0
2020-05-20 22:45:00-06:00,0.0
2020-05-20 22:50:00-06:00,0.0
2020-05-20 22:55:00-06:00,0.0
2020-05-20 23:00:00-06:00,0.0
2020-05-20 23:05:00-06:00,0.0
2020-05-20 23:10:00-06:00,0.0
2020-05-20 23:15:00-06:00,0.0
2020-05-20 23:20:00-06:00,0.0
2020-05-20 23:25:00-06:00,0.0
2020-05-20 23:30:00-06:00,0.0
2020-05-20 23:35:00-06:00,0.0
2020-05-20 23:40:00-06:00,0.0
2020-05-20 23:45:00-06:00,0.0
2020-05-20 23:50:00-06:00,0.0
2020-05-20 23:55:00-06:00,0.0
2020-05-21 00:00:00-06:00,0.0
2020-05-21 00:05:00-06:00,0.0
2020-05-21 00:10:00-06:00,0.0
2020-05-21 00:15:00-06:00,0.0
2020-05-21 00:20:00-06:00,0.0
2020-05-21 00:25:00-06:00,0.0
2020-05-21 00:30:00-06:00,0.0
2020-05-21 00:35:00-06:00,0.0
2020-05-21 00:40:00-06:00,0.0
2020-05-21 00:45:00-06:00,0.0
2020-05-21 00:50:00-06:00,0.0
2020-05-21 00:55:00-06:00,0.0
2020-05-21 01:00:00-06:00,0.0
2020-05-21 01:05:00-06:00,0.0
2020-05-21 01:10:00-06:00,0.0
2020-05-21 01:15:00-06:00,0.0
2020-05-21 01:20:00-06:00,0.0
2020-05-21 01:25:00-06:00,0.0
2020-05-21 01:30:00-06:00,0.0
2020-05-21 01:35:00-06:00,0.0
2020-05-21 01:40:00-06:00,0.0
2020-05-21 01:45:00-06:00,0.0
2020-05-21 01:50:00-06:00,0.0
2020-05-21 01:55:00-06:00,0.0
2020-05-21 02:00:00-06:00,0.0
2020-05-21 02:05:00-06:00,0.0
2020-05-21 02:10:00-06:00,0.0
2020-05-21 02:15:00-06:00,0.0
2020-05-21 02:20:00-06:00,0.0
2020-05-21 02:25:00-06:00,0.0
2020-05-21 02:30:00-06:00,0.0
2020-05-21 02:35:00-06:00,0.0
2020-05-21 02:40:00-06:00,0.0
2020-05-21 02:45:00-06:00,0.0
2020-05-21 02:50:00-06:00,0.0
2020-05-21 02:55:00-06:00,0.0
2020-05-21 03:00:00-06:00,0.0
2020-05-21 03:05:00-06:00,0.0
2020-05-21 03:10:00-06:00,0.0
2020-05-21 03:15:00-06:00,0.0
2020-05-21 03:20:00-06:00,0.0
2020-05-21 03:25:00-06:00,0.0
2020-05-21 03:30:00-06:00,0.0
2020-05-21 03:35:00-06:00,0.0
2020-05-21 03:40:00-06:00,0.0
2020-05-21 03:45:00-06:00,0.0
2020-05-21 03:50:00-06:00,0.0
2020-05-21 03:55:00-06:00,0.0
2020-05-21 04:00:00-06:00,0.0
2020-05-21 04:05:00-06:00,0.0
2020-05-21 04:10:00-06:00,0.0
2020-05-21 04:15:00-06:00,0.0
2020-05-21 04:20:00-06:00,0.0
2020-05-21 04:25:00-06:00,0.0
2020-05-21 04:30:00-06:00,0.0
2020-05-21 04:35:00-06:00,0.0
2020-05-21 04:40:00-06:00,0.0
2020-05-21 04:45:00-06:00,0.0
2020-05-21 04:50:00-06:00,0.0
2020-05-21 04:55:00-06:00,0.0
2020-05-21 05:00:00-06:00,0.0
2020-05-21 05:05:00-06:00,0.0
2020-05-21 05:10:00-06:00,0.0
2020-05-21 05:15:00-06:00,0.0
2020-05-21 05:20:00-06:00,0.0
2020-05-21 05:25:00-06:00,0.0
2020-05-21 05:30:00-06:00,0.0
2020-05-21 05:35:00-06:00,0.0
2020-05-21 05:40:00-06:00,0.0
2020-05-21 05:45:00-06:00,0.0
2020-05-21 05:50:00-06:00,0.0
2020-05-21 05:55:00-06:00,0.0
2020-05-21 06:00:00-06:00,-195.9
2020-05-21 06:05:00-06:00,-195.9
2020-05-21 06:10:00-06:00,-195.9
2020-05-21 06:15:00-06:00,-195.9
2020-05-21 06:20:00-06:00,-195.9
2020-05-21 06:25:00-06:00,-195.9
2020-05-21 06:30:00-06:00,-195.9
2020-05-21 06:35:00-06:00,-195.9
2020-05-21 06:40:00-06:00,-195.9
2020-05-21 06:45:00-06:00,-195.9
2020-05-21 06:50:00-06:00,-195.9
2020-05-21 06:55:00-06:00,-195.9
2020-05-21 07:00:00-06:00,-195.9
2020-05-21 07:05:00-06:00,-195.9
2020-05-21 07:10:00-06:00,-195.9
2020-05-21 07:15:00-06:00,-195.9
2020-05-21 07:20:00-06:00,-195.9
2020-05-21 07:25:00-06:00,-195.9
2020-05-21 07:30:00-06:00,-195.9
2020-05-21 07:35:00-06:00,-195.9
2020-05-21 07:40:00-06:00,-195.9
2020-05-21 07:45:00-06:00,-195.9
2020-05-21 07:50:00-06:00,-195.9
2020-05-21 07:55:00-06:00,-195.9
2020-05-21 08:00:00-06:00,-195.9
2020-05-21 08:05:00-06:00,-195.9
2020-05-21 08:10:00-06:00,-195.9
2020-05-21 08:15:00-06:00,-195.9
2020-05-21 08:20:00-06:00,-195.9
2020-05-21 08:25:00-06:00,-195.9
2020-05-21 08:30:00-06:00,-537.5245356749829
2020-05-21 08:35:00-06:00,-461.27726797447315
2020-05-21 08:40:00-06:00,-385.64547886086933
2020-05-21 08:45:00-06:00,-310.60705829682394
2020-05-21 08:50:00-06:00,-236.1363972885458
2020-05-21 08:55:00-06:00,-162.2047950823155
2020-05-21 09:00:00-06:00,-88.78095394166267
2020-05-21 09:05:00-06:00,-80.47329118305325
2020-05-21 09:10:00-06:00,-72.03251867279094
2020-05-21 09:15:00-06:00,-68.31223091418015
2020-05-21 09:20:00-06:00,-65.69000966612595
2020-05-21 09:25:00-06:00,-62.85358537639807
2020-05-21 09:30:00-06:00,-59.82679406963691
2020-05-21 09:35:00-06:00,-56.63095086957849
2020-05-21 09:40:00-06:00,-53.28482314254431
2020-05-21 09:45:00-06:00,-49.80469406341449
2020-05-21 09:50:00-06:00,-46.2044145102401
2020-05-21 09:55:00-06:00,-42.49553135948049
2020-05-21 10:00:00-06:00,-38.6872718695347
2020-05-21 10:05:00-06:00,-34.78669814146355
2020-05-21 10:10:00-06:00,-30.798782190596466
2020-05-21 10:15:00-06:00,-26.726515340786953
2020-05-21 10:20:00-06:00,-22.570979988064543
2020-05-21 10:25:00-06:00,-18.331535499746035
2020-05-21 10:30:00-06:00,-14.005811383931823
2020-05-21 10:35:00-06:00,-9.589898875992787
2020-05-21 10:40:00-06:00,-5.0784338412809635
2020-05-21 10:45:00-06:00,-0.4646908723401854
2020-05-21 10:50:00-06:00,4.259264589304009
2020-05-21 10:55:00-06:00,9.102532079538319
2020-05-21 11:00:00-06:00,14.075237624019625
2020-05-21 11:05:00-06:00,19.188437530295033
2020-05-21 11:10:00-06:00,24.45401256570075
2020-05-21 11:15:00-06:00,29.884603106248694
2020-05-21 11:20:00-06:00,35.493454795894415
2020-05-21 11:25:00-06:00,41.29439182132279
2020-05-21 11:30:00-06:00,47.30170648412105
2020-05-21 11:35:00-06:00,53.53006040108032
2020-05-21 11:40:00-06:00,59.994435872315115
2020-05-21 11:45:00-06:00,66.71000939595376
2020-05-21 11:50:00-06:00,73.69213469913498
2020-05-21 11:55:00-06:00,80.95624190052193
2020-05-21 12:00:00-06:00,88.51777873399449
2020-05-21 12:05:00-06:00,81.69259620089636
2020-05-21 12:10:00-06:00,75.33684744470204
2020-05-21 12:15:00-06:00,69.4483484847152
2020-05-21 12:20:00-06:00,64.02485796303728
2020-05-21 12:25:00-06:00,59.06403534573634
2020-05-21 12:30:00-06:00,54.56337609142115
2020-05-21 12:35:00-06:00,50.52014793377206
2020-05-21 12:40:00-06:00,46.931360414189626
2020-05-21 12:45:00-06:00,43.79371927305374
2020-05-21 12:50:00-06:00,41.103553230434756
2020-05-21 12:55:00-06:00,38.85690718330681
2020-05-21 13:00:00-06:00,37.04935828276181
2020-05-21 13:05:00-06:00,35.67613520554285
2020-05-21 13:10:00-06:00,34.73205446045783
2020-05-21 13:15:00-06:00,34.21152987433255
2020-05-21 13:20:00-06:00,34.108565243468
2020-05-21 13:25:00-06:00,34.41679546765309
2020-05-21 13:30:00-06:00,35.12945874094514
2020-05-21 13:35:00-06:00,36.239464712546074
2020-05-21 13:40:00-06:00,37.73939429953382
2020-05-21 13:45:00-06:00,39.62152922685854
2020-05-21 13:50:00-06:00,41.877912351488405
2020-05-21 13:55:00-06:00,44.500368233909256
2020-05-21 14:00:00-06:00,47.480571090317724
2020-05-21 14:05:00-06:00,50.81007658182003
2020-05-21 14:10:00-06:00,54.48039580177251
2020-05-21 14:15:00-06:00,58.48306462681779
2020-05-21 14:20:00-06:00,62.80969079742618
2020-05-21 14:25:00-06:00,67.45203498130063
2020-05-21 14:30:00-06:00,72.40210084115752
2020-05-21 14:35:00-06:00,77.65220412087454
2020-05-21 14:40:00-06:00,83.19505662523002
2020-05-21 14:45:00-06:00,89.02387403077654
2020-05-21 14:50:00-06:00,95.1324524918829
2020-05-21 14:55:00-06:00,101.51528660602212
2020-05-21 15:00:00-06:00,108.16766991682583
2020-05-21 15:05:00-06:00,95.91950657803685
2020-05-21 15:10:00-06:00,83.76527785891943
2020-05-21 15:15:00-06:00,71.69335002404854
2020-05-21 15:20:00-06:00,59.693210974205364
2020-05-21 15:25:00-06:00,47.75558873100516
2020-05-21 15:30:00-06:00,35.872479075171775
2020-05-21 15:35:00-06:00,24.037265109188922
2020-05-21 15:40:00-06:00,12.244745774032713
2020-05-21 15:45:00-06:00,0.49125279394343807
2020-05-21 15:50:00-06:00,-11.225325040880655
2020-05-21 15:55:00-06:00,-22.90542054978394
2020-05-21 16:00:00-06:00,-34.54779245699686
2020-05-21 16:05:00-06:00,-46.14941264946237
2020-05-21 16:10:00-06:00,-57.70540584776225
2020-05-21 16:15:00-06:00,-69.20903354745207
2020-05-21 16:20:00-06:00,-80.65160165015224
2020-05-21 16:25:00-06:00,-92.02245079468821
2020-05-21 16:30:00-06:00,-103.30888539673964
2020-05-21 16:35:00-06:00,-114.4961890478093
2020-05-21 16:40:00-06:00,-125.56750724789534
2020-05-21 16:45:00-06:00,-136.5039681240787
2020-05-21 16:50:00-06:00,-147.28452681898094
2020-05-21 16:55:00-06:00,-195.9
2020-05-21 17:00:00-06:00,-195.9
2020-05-21 17:05:00-06:00,-195.9
2020-05-21 17:10:00-06:00,-195.9
2020-05-21 17:15:00-06:00,-195.9
2020-05-21 17:20:00-06:00,-195.9
2020-05-21 17:25:00-06:00,-195.9
2020-05-21 17:30:00-06:00,-195.9
2020-05-21 17:35:00-06:00,-195.9
2020-05-21 17:40:00-06:00,-195.9
2020-05-21 17:45:00-06:00,-195.9
2020-05-21 17:50:00-06:00,-195.9
2020-05-21 17:55:00-06:00,-195.9
2020-05-21 18:00:00-06:00,-195.9
2020-05-21 18:05:00-06:00,-195.9
2020-05-21 18:10:00-06:00,-195.9
2020-05-21 18:15:00-06:00,-195.9
2020-05-21 18:20:00-06:00,-195.9
2020-05-21 18:25:00-06:00,-195.9
2020-05-21 18:30:00-06:00,-195.9
2020-05-21 18:35:00-06:00,-195.9
2020-05-21 18:40:00-06:00,-195.9
2020-05-21 18:45:00-06:00,-195.9
2020-05-21 18:50:00-06:00,-195.9
2020-05-21 18:55:00-06:00,-195.9
2020-05-21 19:00:00-06:00,-195.9
2020-05-21 19:05:00-06:00,-195.9
2020-05-21 19:10:00-06:00,-195.9
2020-05-21 19:15:00-06:00,-195.9
2020-05-21 19:20:00-06:00,-195.9
2020-05-21 19:25:00-06:00,-195.9
2020-05-21 19:30:00-06:00,-195.9
2020-05-21 19:35:00-06:00,-195.9
2020-05-21 19:40:00-06:00,-195.9
2020-05-21 19:45:00-06:00,-195.9
2020-05-21 19:50:00-06:00,-195.9
2020-05-21 19:55:00-06:00,-195.9
2020-05-21 20:00:00-06:00,-195.9
2020-05-21 20:05:00-06:00,-195.9
2020-05-21 20:10:00-06:00,0.0
2020-05-21 20:15:00-06:00,0.0
2020-05-21 20:20:00-06:00,0.0
2020-05-21 20:25:00-06:00,0.0
2020-05-21 20:30:00-06:00,0.0
2020-05-21 20:35:00-06:00,0.0
2020-05-21 20:40:00-06:00,0.0
2020-05-21 20:45:00-06:00,0.0
2020-05-21 20:50:00-06:00,0.0
2020-05-21 20:55:00-06:00,0.0
2020-05-21 21:00:00-06:00,0.0
2020-05-21 21:05:00-06:00,0.0
2020-05-21 21:10:00-06:00,0.0
2020-05-21 21:15:00-06:00,0.0
2020-05-21 21:20:00-06:00,0.0
2020-05-21 21:25:00-06:00,0.0
2020-05-21 21:30:00-06:00,0.0
2020-05-21 21:35:00-06:00,0.0
2020-05-21 21:40:00-06:00,0.0
2020-05-21 21:45:00-06:00,0.0
2020-05-21 21:50:00-06:00,0.0
2020-05-21 21:55:00-06:00,0.0
2020-05-21 22:00:00-06:00,0.0
2020-05-21 22:05:00-06:00,0.0
2020-05-21 22:10:00-06:00,0.0
2020-05-21 22:15:00-06:00,0.0
2020-05-21 22:20:00-06:00,0.0
2020-05-21 22:25:00-06:00,0.0
2020-05-21 22:30:00-06:00,0.0
2020-05-21 22:35:00-06:00,0.0
2020-05-21 22:40:00-06:00,0.0
2020-05-21 22:45:00-06:00,0.0
2020-05-21 22:50:00-06:00,0.0
2020-05-21 22:55:00-06:00,0.0
2020-05-21 23:00:00-06:00,0.0
2020-05-21 23:05:00-06:00,0.0
2020-05-21 23:10:00-06:00,0.0
2020-05-21 23:15:00-06:00,0.0
2020-05-21 23:20:00-06:00,0.0
2020-05-21 23:25:00-06:00,0.0
2020-05-21 23:30:00-06:00,0.0
2020-05-21 23:35:00-06:00,0.0
2020-05-21 23:40:00-06:00,0.0
2020-05-21 23:45:00-06:00,0.0
2020-05-21 23:50:00-06:00,0.0
2020-05-21 23:55:00-06:00,0.0
2020-05-22 00:00:00-06:00,0.0
2020-05-22 00:05:00-06:00,0.0
2020-05-22 00:10:00-06:00,0.0
2020-05-22 00:15:00-06:00,0.0
2020-05-22 00:20:00-06:00,0.0
2020-05-22 00:25:00-06:00,0.0
2020-05-22 00:30:00-06:00,0.0
2020-05-22 00:35:00-06:00,0.0
2020-05-22 00:40:00-06:00,0.0
2020-05-22 00:45:00-06:00,0.0
2020-05-22 00:50:00-06:00,0.0
2020-05-22 00:55:00-06:00,0.0
2020-05-22 01:00:00-06:00,0.0
2020-05-22 01:05:00-06:00,0.0
2020-05-22 01:10:00-06:00,0.0
2020-05-22 01:15:00-06:00,0.0
2020-05-22 01:20:00-06:00,0.0
2020-05-22 01:25:00-06:00,0.0
2020-05-22 01:30:00-06:00,0.0
2020-05-22 01:35:00-06:00,0.0
2020-05-22 01:40:00-06:00,0.0
2020-05-22 01:45:00-06:00,0.0
2020-05-22 01:50:00-06:00,0.0
2020-05-22 01:55:00-06:00,0.0
2020-05-22 02:00:00-06:00,0.0
2020-05-22 02:05:00-06:00,0.0
2020-05-22 02:10:00-06:00,0.0
2020-05-22 02:15:00-06:00,0.0
2020-05-22 02:20:00-06:00,0.0
2020-05-22 02:25:00-06:00,0.0
2020-05-22 02:30:00-06:00,0.0
2020-05-22 02:35:00-06:00,0.0
2020-05-22 02:40:00-06:00,0.0
2020-05-22 02:45:00-06:00,0.0
2020-05-22 02:50:00-06:00,0.0
2020-05-22 02:55:00-06:00,0.0
2020-05-22 03:00:00-06:00,0.0
2020-05-22 03:05:00-06:00,0.0
2020-05-22 03:10:00-06:00,0.0
2020-05-22 03:15:00-06:00,0.0
2020-05-22 03:20:00-06:00,0.0
2020-05-22 03:25:00-06:00,0.0
2020-05-22 03:30:00-06:00,0.0
2020-05-22 03:35:00-06:00,0.0
2020-05-22 03:40:00-06:00,0.0
2020-05-22 03:45:00-06:00,0.0
2020-05-22 03:50:00-06:00,0.0
2020-05-22 03:55:00-06:00,0.0
2020-05-22 04:00:00-06:00,0.0
2020-05-22 04:05:00-06:00,0.0
2020-05-22 04:10:00-06:00,0.0
2020-05-22 04:15:00-06:00,0.0
2020-05-22 04:20:00-06:00,0.0
2020-05-22 04:25:00-06:00,0.0
2020-05-22 04:30:00-06:00,0.0
2020-05-22 04:35:00-06:00,0.0
2020-05-22 04:40:00-06:00,0.0
2020-05-22 04:45:00-06:00,0.0
2020-05-22 04:50:00-06:00,0.0
2020-05-22 04:55:00-06:00,0.0
2020-05-22 05:00:00-06:00,0.0
2020-05-22 05:05:00-06:00,0.0
2020-05-22 05:10:00-06:00,0.0
2020-05-22 05:15:00-06:00,0.0
2020-05-22 05:20:00-06:00,0.0
2020-05-22 05:25:00-06:00,0.0
2020-05-22 05:30:00-06:00,0.0
2020-05-22 05:35:00-06:00,0.0
2020-05-22 05:40:00-06:00,0.0
2020-05-22 05:45:00-06:00,0.0
2020-05-22 05:50:00-06:00,0.0
2020-05-22 05:55:00-06:00,0.0
2020-05-22 06:00:00-06:00,-195.9
2020-05-22 06:05:00-06:00,-195.9
2020-05-22 06:10:00-06:00,-195.9
2020-05-22 06:15:00-06:00,-195.9
2020-05-22 06:20:00-06:00,-195.9
2020-05-22 06:25:00-06:00,-195.9
2020-05-22 06:30:00-06:00,-195.9
2020-05-22 06:35:00-06:00,-195.9
2020-05-22 06:40:00-06:00,-195.9
2020-05-22 06:45:00-06:00,-195.9
2020-05-22 06:50:00-06:00,-195.9
2020-05-22 06:55:00-06:00,-195.9
2020-05-22 07:00:00-06:00,-195.9
2020-05-22 07:05:00-06:00,-195.9
2020-05-22 07:10:00-06:00,-195.9
2020-05-22 07:15:00-06:00,-195.9
2020-05-22 07:20:00-06:00,-195.9
2020-05-22 07:25:00-06:00,-195.9
2020-05-22 07:30:00-06:00,-195.9
2020-05-22 07:35:00-06:00,-195.9
2020-05-22 07:40:00-06:00,-195.9
2020-05-22 07:45:00-06:00,-195.9
2020-05-22 07:50:00-06:00,-195.9
2020-05-22 07:55:00-06:00,-195.9
2020-05-22 08:00:00-06:00,-195.9
2020-05-22 08:05:00-06:00,-195.9
2020-05-22 08:10:00-06:00,-195.9
2020-05-22 08:15:00-06:00,-195.9
2020-05-22 08:20:00-06:00,-195.9
2020-05-22 08:25:00-06:00,-195.9
2020-05-22 08:30:00-06:00,-536.3194555582426
2020-05-22 08:35:00-06:00,-459.85166888395213
2020-05-22 08:40:00-06:00,-384.0709684232428
2020-05-22 08:45:00-06:00,-308.96063713653126
2020-05-22 08:50:00-06:00,-234.50044476662725
2020-05-22 08:55:00-06:00,-160.66720916480205
2020-05-22 09:00:00-06:00,-87.43515536188272
2020-05-22 09:05:00-06:00,-79.25295341998049
2020-05-22 09:10:00-06:00,-70.94837638312625
2020-05-22 09:15:00-06:00,-65.37825636100195
2020-05-22 09:20:00-06:00,-62.84037138935395
2020-05-22 09:25:00-06:00,-60.08157070864202
2020-05-22 09:30:00-06:00,-57.125978894215685
2020-05-22 09:35:00-06:00,-53.99516777113047
2020-05-22 09:40:00-06:00,-50.708200468027904
2020-05-22 09:45:00-06:00,-47.28166353553856
2020-05-22 09:50:00-06:00,-43.72973138969702
2020-05-22 09:55:00-06:00,-40.06423804073885
2020-05-22 10:00:00-06:00,-36.29474075388402
2020-05-22 10:05:00-06:00,-32.428638749653494
2020-05-22 10:10:00-06:00,-28.471231962620514
2020-05-22 10:15:00-06:00,-24.42584980751031
2020-05-22 10:20:00-06:00,-20.293935086060287
2020-05-22 10:25:00-06:00,-16.075153111259166
2020-05-22 10:30:00-06:00,-11.767499726431769
2020-05-22 10:35:00-06:00,-7.367409285136618
2020-05-22 10:40:00-06:00,-2.8698635476400227
2020-05-22 10:45:00-06:00,1.7315129299929934
2020-05-22 10:50:00-06:00,6.444332902116442
2020-05-22 10:55:00-06:00,11.277350061052712
2020-05-22 11:00:00-06:00,16.240353373883007
2020-05-22 11:05:00-06:00,21.34406881464303
2020-05-22 11:10:00-06:00,26.600061811352454
2020-05-22 11:15:00-06:00,32.02063574116142
2020-05-22 11:20:00-06:00,37.61874942753216
2020-05-22 11:25:00-06:00,43.40791332244644
2020-05-22 11:30:00-06:00,49.40212214393033
2020-05-22 11:35:00-06:00,55.61574920394002
2020-05-22 11:40:00-06:00,62.0634880138351
2020-05-22 11:45:00-06:00,68.76025747789724
2020-05-22 11:50:00-06:00,75.72114328157667
2020-05-22 11:55:00-06:00,82.96132017184117
2020-05-22 12:00:00-06:00,90.49599748920693
2020-05-22 12:05:00-06:00,76.99641984194429
2020-05-22 12:10:00-06:00,64.03672311639002
2020-05-22 12:15:00-06:00,51.6107226781437
2020-05-22 12:20:00-06:00,39.71181031140155
2020-05-22 12:25:00-06:00,28.33290224232335
2020-05-22 12:30:00-06:00,17.466455658353045
2020-05-22 12:35:00-06:00,7.104389187231792
2020-05-22 12:40:00-06:00,-2.7618865033357136
2020-05-22 12:45:00-06:00,-12.141484448614166
2020-05-22 12:50:00-06:00,-21.043985591433966
2020-05-22 12:55:00-06:00,-29.479501041058544
2020-05-22 13:00:00-06:00,-37.458602302082674
2020-05-22 13:05:00-06:00,-44.99231780178122
2020-05-22 13:10:00-06:00,-52.09205736733172
2020-05-22 13:15:00-06:00,-58.76963751509906
2020-05-22 13:20:00-06:00,-65.0372131481998
2020-05-22 13:25:00-06:00,-70.90723369303082
2020-05-22 13:30:00-06:00,-76.39234888879523
2020-05-22 13:35:00-06:00,-81.50544229874009
2020-05-22 13:40:00-06:00,-86.2595220326057
2020-05-22 13:45:00-06:00,-90.66768077702903
2020-05-22 13:50:00-06:00,-94.74298488005276
2020-05-22 13:55:00-06:00,-98.49849347839486
2020-05-22 14:00:00-06:00,-101.9471432564368
2020-05-22 14:05:00-06:00,-105.10170126033584
2020-05-22 14:10:00-06:00,-107.9746442838193
2020-05-22 14:15:00-06:00,-110.57817581250875
2020-05-22 14:20:00-06:00,-112.92410831058794
2020-05-22 14:25:00-06:00,-115.0237936885965
2020-05-22 14:30:00-06:00,-116.88802322160238
2020-05-22 14:35:00-06:00,-118.5270456888434
2020-05-22 14:40:00-06:00,-119.9504061983563
2020-05-22 14:45:00-06:00,-121.16693245975793
2020-05-22 14:50:00-06:00,-122.18458847069842
2020-05-22 14:55:00-06:00,-123.0105139923998
2020-05-22 15:00:00-06:00,-123.65085795807131
2020-05-22 15:05:00-06:00,-163.38417796626229
2020-05-22 15:10:00-06:00,-195.9
2020-05-22 15:15:00-06:00,-195.9
2020-05-22 15:20:00-06:00,-195.9
2020-05-22 15:25:00-06:00,-195.9
2020-05-22 15:30:00-06:00,-195.9
2020-05-22 15:35:00-06:00,-195.9
2020-05-22 15:40:00-06:00,-195.9
2020-05-22 15:45:00-06:00,-195.9
2020-05-22 15:50:00-06:00,-195.9
2020-05-22 15:55:00-06:00,-195.9
2020-05-22 16:00:00-06:00,-195.9
2020-05-22 16:05:00-06:00,-195.9
2020-05-22 16:10:00-06:00,-195.9
2020-05-22 16:15:00-06:00,-195.9
2020-05-22 16:20:00-06:00,-195.9
2020-05-22 16:25:00-06:00,-195.9
2020-05-22 16:30:00-06:00,-195.9
2020-05-22 16:35:00-06:00,-195.9
2020-05-22 16:40:00-06:00,-195.9
2020-05-22 16:45:00-06:00,-195.9
2020-05-22 16:50:00-06:00,-195.9
2020-05-22 16:55:00-06:00,-195.9
2020-05-22 17:00:00-06:00,-195.9
2020-05-22 17:05:00-06:00,-195.9
2020-05-22 17:10:00-06:00,-195.9
2020-05-22 17:15:00-06:00,-195.9
2020-05-22 17:20:00-06:00,-195.9
2020-05-22 17:25:00-06:00,-195.9
2020-05-22 17:30:00-06:00,-195.9
2020-05-22 17:35:00-06:00,-195.9
2020-05-22 17:40:00-06:00,-195.9
2020-05-22 17:45:00-06:00,-195.9
2020-05-22 17:50:00-06:00,-195.9
2020-05-22 17:55:00-06:00,-195.9
2020-05-22 18:00:00-06:00,-195.9
2020-05-22 18:05:00-06:00,-195.9
2020-05-22 18:10:00-06:00,-195.9
2020-05-22 18:15:00-06:00,-195.9
2020-05-22 18:20:00-06:00,-195.9
2020-05-22 18:25:00-06:00,-195.9
2020-05-22 18:30:00-06:00,-195.9
2020-05-22 18:35:00-06:00,-195.9
2020-05-22 18:40:00-06:00,-195.9
2020-05-22 18:45:00-06:00,-195.9
2020-05-22 18:50:00-06:00,-195.9
2020-05-22 18:55:00-06:00,-195.9
2020-05-22 19:00:00-06:00,-195.9
2020-05-22 19:05:00-06:00,-195.9
2020-05-22 19:10:00-06:00,-195.9
2020-05-22 19:15:00-06:00,-195.9
2020-05-22 19:20:00-06:00,-195.9
2020-05-22 19:25:00-06:00,-195.9
2020-05-22 19:30:00-06:00,-195.9
2020-05-22 19:35:00-06:00,-195.9
2020-05-22 19:40:00-06:00,-195.9
2020-05-22 19:45:00-06:00,-195.9
2020-05-22 19:50:00-06:00,-195.9
2020-05-22 19:55:00-06:00,-195.9
2020-05-22 20:00:00-06:00,-195.9
2020-05-22 20:05:00-06:00,-195.9
2020-05-22 20:10:00-06:00,0.0
2020-05-22 20:15:00-06:00,0.0
2020-05-22 20:20:00-06:00,0.0
2020-05-22 20:25:00-06:00,0.0
2020-05-22 20:30:00-06:00,0.0
2020-05-22 20:35:00-06:00,0.0
2020-05-22 20:40:00-06:00,0.0
2020-05-22 20:45:00-06:00,0.0
2020-05-22 20:50:00-06:00,0.0
2020-05-22 20:55:00-06:00,0.0
2020-05-22 21:00:00-06:00,0.0
2020-05-22 21:05:00-06:00,0.0
2020-05-22 21:10:00-06:00,0.0
2020-05-22 21:15:00-06:00,0.0
2020-05-22 21:20:00-06:00,0.0
2020-05-22 21:25:00-06:00,0.0
2020-05-22 21:30:00-06:00,0.0
2020-05-22 21:35:00-06:00,0.0
2020-05-22 21:40:00-06:00,0.0
2020-05-22 21:45:00-06:00,0.0
2020-05-22 21:50:00-06:00,0.0
2020-05-22 21:55:00-06:00,0.0
2020-05-22 22:00:00-06:00,0.0
2020-05-22 22:05:00-06:00,0.0
2020-05-22 22:10:00-06:00,0.0
2020-05-22 22:15:00-06:00,0.0
2020-05-22 22:20:00-06:00,0.0
2020-05-22 22:25:00-06:00,0.0
2020-05-22 22:30:00-06:00,0.0
2020-05-22 22:35:00-06:00,0.0
2020-05-22 22:40:00-06:00,0.0
2020-05-22 22:45:00-06:00,0.0
2020-05-22 22:50:00-06:00,0.0
2020-05-22 22:55:00-06:00,0.0
2020-05-22 23:00:00-06:00,0.0
2020-05-22 23:05:00-06:00,0.0
2020-05-22 23:10:00-06:00,0.0
2020-05-22 23:15:00-06:00,0.0
2020-05-22 23:20:00-06:00,0.0
2020-05-22 23:25:00-06:00,0.0
2020-05-22 23:30:00-06:00,0.0
2020-05-22 23:35:00-06:00,0.0
2020-05-22 23:40:00-06:00,0.0
2020-05-22 23:45:00-06:00,0.0
2020-05-22 23:50:00-06:00,0.0
2020-05-22 23:55:00-06:00,0.0
2020-05-23 00:00:00-06:00,0.0
2020-05-23 00:05:00-06:00,0.0
2020-05-23 00:10:00-06:00,0.0
2020-05-23 00:15:00-06:00,0.0
2020-05-23 00:20:00-06:00,0.0
2020-05-23 00:25:00-06:00,0.0
2020-05-23 00:30:00-06:00,0.0
2020-05-23 00:35:00-06:00,0.0
2020-05-23 00:40:00-06:00,0.0
2020-05-23 00:45:00-06:00,0.0
2020-05-23 00:50:00-06:00,0.0
2020-05-23 00:55:00-06:00,0.0
2020-05-23 01:00:00-06:00,0.0
2020-05-23 01:05:00-06:00,0.0
2020-05-23 01:10:00-06:00,0.0
2020-05-23 01:15:00-06:00,0.0
2020-05-23 01:20:00-06:00,0.0
2020-05-23 01:25:00-06:00,0.0
2020-05-23 01:30:00-06:00,0.0
2020-05-23 01:35:00-06:00,0.0
2020-05-23 01:40:00-06:00,0.0
2020-05-23 01:45:00-06:00,0.0
2020-05-23 01:50:00-06:00,0.0
2020-05-23 01:55:00-06:00,0.0
2020-05-23 02:00:00-06:00,0.0
2020-05-23 02:05:00-06:00,0.0
2020-05-23 02:10:00-06:00,0.0
2020-05-23 02:15:00-06:00,0.0
2020-05-23 02:20:00-06:00,0.0
2020-05-23 02:25:00-06:00,0.0
2020-05-23 02:30:00-06:00,0.0
2020-05-23 02:35:00-06:00,0.0
2020-05-23 02:40:00-06:00,0.0
2020-05-23 02:45:00-06:00,0.0
2020-05-23 02:50:00-06:00,0.0
2020-05-23 02:55:00-06:00,0.0
2020-05-23 03:00:00-06:00,0.0
2020-05-23 03:05:00-06:00,0.0
2020-05-23 03:10:00-06:00,0.0
2020-05-23 03:15:00-06:00,0.0
2020-05-23 03:20:00-06:00,0.0
2020-05-23 03:25:00-06:00,0.0
2020-05-23 03:30:00-06:00,0.0
2020-05-23 03:35:00-06:00,0.0
2020-05-23 03:40:00-06:00,0.0
2020-05-23 03:45:00-06:00,0.0
2020-05-23 03:50:00-06:00,0.0
2020-05-23 03:55:00-06:00,0.0
2020-05-23 04:00:00-06:00,0.0
2020-05-23 04:05:00-06:00,0.0
2020-05-23 04:10:00-06:00,0.0
2020-05-23 04:15:00-06:00,0.0
2020-05-23 04:20:00-06:00,0.0
2020-05-23 04:25:00-06:00,0.0
2020-05-23 04:30:00-06:00,0.0
2020-05-23 04:35:00-06:00,0.0
2020-05-23 04:40:00-06:00,0.0
2020-05-23 04:45:00-06:00,0.0
2020-05-23 04:50:00-06:00,0.0
2020-05-23 04:55:00-06:00,0.0
2020-05-23 05:00:00-06:00,0.0
2020-05-23 05:05:00-06:00,0.0
2020-05-23 05:10:00-06:00,0.0
2020-05-23 05:15:00-06:00,0.0
2020-05-23 05:20:00-06:00,0.0
2020-05-23 05:25:00-06:00,0.0
2020-05-23 05:30:00-06:00,0.0
2020-05-23 05:35:00-06:00,0.0
2020-05-23 05:40:00-06:00,0.0
2020-05-23 05:45:00-06:00,0.0
2020-05-23 05:50:00-06:00,0.0
2020-05-23 05:55:00-06:00,0.0
2020-05-23 06:00:00-06:00,-195.9
2020-05-23 06:05:00-06:00,-195.9
2020-05-23 06:10:00-06:00,-195.9
2020-05-23 06:15:00-06:00,-195.9
2020-05-23 06:20:00-06:00,-195.9
2020-05-23 06:25:00-06:00,-195.9
2020-05-23 06:30:00-06:00,-195.9
2020-05-23 06:35:00-06:00,-195.9
2020-05-23 06:40:00-06:00,-195.9
2020-05-23 06:45:00-06:00,-195.9
2020-05-23 06:50:00-06:00,-195.9
2020-05-23 06:55:00-06:00,-195.9
2020-05-23 07:00:00-06:00,-195.9
2020-05-23 07:05:00-06:00,-195.9
2020-05-23 07:10:00-06:00,-195.9
2020-05-23 07:15:00-06:00,-195.9
2020-05-23 07:20:00-06:00,-195.9
2020-05-23 07:25:00-06:00,-195.9
2020-05-23 07:30:00-06:00,-195.9
2020-05-23 07:35:00-06:00,-195.9
2020-05-23 07:40:00-06:00,-195.9
2020-05-23 07:45:00-06:00,-195.9
2020-05-23 07:50:00-06:00,-195.9
2020-05-23 07:55:00-06:00,-195.9
2020-05-23 08:00:00-06:00,-195.9
2020-05-23 08:05:00-06:00,-195.9
2020-05-23 08:10:00-06:00,-195.9
2020-05-23 08:15:00-06:00,-195.9
2020-05-23 08:20:00-06:00,-195.9
2020-05-23 08:25:00-06:00,-195.9
2020-05-23 08:30:00-06:00,-195.9
2020-05-23 08:35:00-06:00,-195.9
2020-05-23 08:40:00-06:00,-195.9
2020-05-23 08:45:00-06:00,-195.9
2020-05-23 08:50:00-06:00,-523.514220052377
2020-05-23 08:55:00-06:00,-456.75608565155693
2020-05-23 09:00:00-06:00,-390.4188392030126
2020-05-23 09:05:00-06:00,-377.8860330505225
2020-05-23 09:10:00-06:00,-365.17944140521035
2020-05-23 09:15:00-06:00,-353.0874959254577
2020-05-23 09:20:00-06:00,-345.01557063089945
2020-05-23 09:25:00-06:00,-336.70769145070295
2020-05-23 09:30:00-06:00,-328.18820609544616
2020-05-23 09:35:00-06:00,-319.47907014044836
2020-05-23 09:40:00-06:00,-310.5999273391201
2020-05-23 09:45:00-06:00,-301.568085183119
2020-05-23 09:50:00-06:00,-292.3986562743542
2020-05-23 09:55:00-06:00,-283.10460476127463
2020-05-23 10:00:00-06:00,-273.696809732748
2020-05-23 10:05:00-06:00,-264.1841564596934
2020-05-23 10:10:00-06:00,-254.57367614467472
2020-05-23 10:15:00-06:00,-244.87052276739465
2020-05-23 10:20:00-06:00,-235.07815594894507
2020-05-23 10:25:00-06:00,-225.19838214192825
2020-05-23 10:30:00-06:00,-215.23145578192228
2020-05-23 10:35:00-06:00,-205.1761915545112
2020-05-23 10:40:00-06:00,-195.03001765497748
2020-05-23 10:45:00-06:00,-184.7891107215987
2020-05-23 10:50:00-06:00,-174.4484338338489
2020-05-23 10:55:00-06:00,-164.00186238294236
2020-05-23 11:00:00-06:00,-153.44224791824706
2020-05-23 11:05:00-06:00,-142.76150905466872
2020-05-23 11:10:00-06:00,-131.95072630585904
2020-05-23 11:15:00-06:00,-121.00017749147916
2020-05-23 11:20:00-06:00,-109.89950780847248
2020-05-23 11:25:00-06:00,-98.63769618375309
2020-05-23 11:30:00-06:00,-87.20318594863662
2020-05-23 11:35:00-06:00,-75.58394960556345
2020-05-23 11:40:00-06:00,-63.76754787964731
2020-05-23 11:45:00-06:00,-51.741207849218746
2020-05-23 11:50:00-06:00,-39.49184843249641
2020-05-23 11:55:00-06:00,-27.00620431873039
2020-05-23 12:00:00-06:00,-14.270806882721338
2020-05-23 12:05:00-06:00,-17.36530955473756
2020-05-23 12:10:00-06:00,-20.076002931188295
2020-05-23 12:15:00-06:00,-22.401845332341487
2020-05-23 12:20:00-06:00,-24.3417278320804
2020-05-23 12:25:00-06:00,-25.8945543890786
2020-05-23 12:30:00-06:00,-27.059323788119865
2020-05-23 12:35:00-06:00,-27.83517183643984
2020-05-23 12:40:00-06:00,-28.221441185082774
2020-05-23 12:45:00-06:00,-28.217737480472245
2020-05-23 12:50:00-06:00,-27.82397935373227
2020-05-23 12:55:00-06:00,-27.04042892801842
2020-05-23 13:00:00-06:00,-25.867743031552095
2020-05-23 13:05:00-06:00,-24.306990699759144
2020-05-23 13:10:00-06:00,-22.359690942904304
2020-05-23 13:15:00-06:00,-20.02782642005768
2020-05-23 13:20:00-06:00,-17.313857332211125
2020-05-23 13:25:00-06:00,-14.22073737149629
2020-05-23 13:30:00-06:00,-10.75190898672525
2020-05-23 13:35:00-06:00,-6.91129778364775
2020-05-23 13:40:00-06:00,-2.703321131801834
2020-05-23 13:45:00-06:00,1.8671457229190123
2020-05-23 13:50:00-06:00,6.7947741828719055
2020-05-23 13:55:00-06:00,12.073821202109455
2020-05-23 14:00:00-06:00,17.698148501555526
2020-05-23 14:05:00-06:00,23.661272005664387
2020-05-23 14:10:00-06:00,29.956394021220838
2020-05-23 14:15:00-06:00,36.57646629642314
2020-05-23 14:20:00-06:00,43.514225061014244
2020-05-23 14:25:00-06:00,50.76226747339849
2020-05-23 14:30:00-06:00,58.31312524039513
2020-05-23 14:35:00-06:00,66.15931352557637
2020-05-23 14:40:00-06:00,74.29342894893914
2020-05-23 14:45:00-06:00,82.70823230564191
2020-05-23 14:50:00-06:00,91.3967023873527
2020-05-23 14:55:00-06:00,100.35221776245008
2020-05-23 15:00:00-06:00,109.56853902307721
2020-05-23 15:05:00-06:00,97.51952856400284
2020-05-23 15:10:00-06:00,85.56925893146382
2020-05-23 15:15:00-06:00,73.70659251150266
2020-05-23 15:20:00-06:00,61.921530267420415
2020-05-23 15:25:00-06:00,50.205275413094306
2020-05-23 15:30:00-06:00,38.5503179533362
2020-05-23 15:35:00-06:00,26.950495585194602
2020-05-23 15:40:00-06:00,15.401087197107687
2020-05-23 15:45:00-06:00,3.8988452139882104
2020-05-23 15:50:00-06:00,-7.55789587187982
2020-05-23 15:55:00-06:00,-18.96916727052461
2020-05-23 16:00:00-06:00,-30.33333368375071
2020-05-23 16:05:00-06:00,-41.64697388222705
2020-05-23 16:10:00-06:00,-52.904871719904385
2020-05-23 16:15:00-06:00,-64.09995068928787
2020-05-23 16:20:00-06:00,-75.22320602454892
2020-05-23 16:25:00-06:00,-86.26369430878101
2020-05-23 16:30:00-06:00,-97.20848248983495
2020-05-23 16:35:00-06:00,-108.04257506214576
2020-05-23 16:40:00-06:00,-118.74897269676813
2020-05-23 16:45:00-06:00,-129.3085718112425
2020-05-23 16:50:00-06:00,-195.9
2020-05-23 16:55:00-06:00,-195.9
2020-05-23 17:00:00-06:00,-195.9
2020-05-23 17:05:00-06:00,-195.9
2020-05-23 17:10:00-06:00,-195.9
2020-05-23 17:15:00-06:00,-195.9
2020-05-23 17:20:00-06:00,-195.9
2020-05-23 17:25:00-06:00,-195.9
2020-05-23 17:30:00-06:00,-195.9
2020-05-23 17:35:00-06:00,-195.9
2020-05-23 17:40:00-06:00,-195.9
2020-05-23 17:45:00-06:00,-195.9
2020-05-23 17:50:00-06:00,-195.9
2020-05-23 17:55:00-06:00,-195.9
2020-05-23 18:00:00-06:00,-195.9
2020-05-23 18:05:00-06:00,-195.9
2020-05-23 18:10:00-06:00,-195.9
2020-05-23 18:15:00-06:00,-195.9
2020-05-23 18:20:00-06:00,-195.9
2020-05-23 18:25:00-06:00,-195.9
2020-05-23 18:30:00-06:00,-195.9
2020-05-23 18:35:00-06:00,-195.9
2020-05-23 18:40:00-06:00,-195.9
2020-05-23 18:45:00-06:00,-195.9
2020-05-23 18:50:00-06:00,-195.9
2020-05-23 18:55:00-06:00,-195.9
2020-05-23 19:00:00-06:00,-195.9
2020-05-23 19:05:00-06:00,-195.9
2020-05-23 19:10:00-06:00,-195.9
2020-05-23 19:15:00-06:00,-195.9
2020-05-23 19:20:00-06:00,-195.9
2020-05-23 19:25:00-06:00,-195.9
2020-05-23 19:30:00-06:00,-195.9
2020-05-23 19:35:00-06:00,-195.9
2020-05-23 19:40:00-06:00,-195.9
2020-05-23 19:45:00-06:00,-195.9
2020-05-23 19:50:00-06:00,-195.9
2020-05-23 19:55:00-06:00,-195.9
2020-05-23 20:00:00-06:00,-195.9
2020-05-23 20:05:00-06:00,-195.9
2020-05-23 20:10:00-06:00,0.0
2020-05-23 20:15:00-06:00,0.0
2020-05-23 20:20:00-06:00,0.0
2020-05-23 20:25:00-06:00,0.0
2020-05-23 20:30:00-06:00,0.0
2020-05-23 20:35:00-06:00,0.0
2020-05-23 20:40:00-06:00,0.0
2020-05-23 20:45:00-06:00,0.0
2020-05-23 20:50:00-06:00,0.0
2020-05-23 20:55:00-06:00,0.0
2020-05-23 21:00:00-06:00,0.0
2020-05-23 21:05:00-06:00,0.0
2020-05-23 21:10:00-06:00,0.0
2020-05-23 21:15:00-06:00,0.0
2020-05-23 21:20:00-06:00,0.0
2020-05-23 21:25:00-06:00,0.0
2020-05-23 21:30:00-06:00,0.0
2020-05-23 21:35:00-06:00,0.0
2020-05-23 21:40:00-06:00,0.0
2020-05-23 21:45:00-06:00,0.0
2020-05-23 21:50:00-06:00,0.0
2020-05-23 21:55:00-06:00,0.0
2020-05-23 22:00:00-06:00,0.0
2020-05-23 22:05:00-06:00,0.0
2020-05-23 22:10:00-06:00,0.0
2020-05-23 22:15:00-06:00,0.0
2020-05-23 22:20:00-06:00,0.0
2020-05-23 22:25:00-06:00,0.0
2020-05-23 22:30:00-06:00,0.0
2020-05-23 22:35:00-06:00,0.0
2020-05-23 22:40:00-06:00,0.0
2020-05-23 22:45:00-06:00,0.0
2020-05-23 22:50:00-06:00,0.0
2020-05-23 22:55:00-06:00,0.0
2020-05-23 23:00:00-06:00,0.0
2020-05-23 23:05:00-06:00,0.0
2020-05-23 23:10:00-06:00,0.0
2020-05-23 23:15:00-06:00,0.0
2020-05-23 23:20:00-06:00,0.0
2020-05-23 23:25:00-06:00,0.0
2020-05-23 23:30:00-06:00,0.0
2020-05-23 23:35:00-06:00,0.0
2020-05-23 23:40:00-06:00,0.0
2020-05-23 23:45:00-06:00,0.0
2020-05-23 23:50:00-06:00,0.0
2020-05-23 23:55:00-06:00,0.0
2020-05-24 00:00:00-06:00,0.0
2020-05-24 00:05:00-06:00,0.0
2020-05-24 00:10:00-06:00,0.0
2020-05-24 00:15:00-06:00,0.0
2020-05-24 00:20:00-06:00,0.0
2020-05-24 00:25:00-06:00,0.0
2020-05-24 00:30:00-06:00,0.0
2020-05-24 00:35:00-06:00,0.0
2020-05-24 00:40:00-06:00,0.0
2020-05-24 00:45:00-06:00,0.0
2020-05-24 00:50:00-06:00,0.0
2020-05-24 00:55:00-06:00,0.0
2020-05-24 01:00:00-06:00,0.0
2020-05-24 01:05:00-06:00,0.0
2020-05-24 01:10:00-06:00,0.0
2020-05-24 01:15:00-06:00,0.0
2020-05-24 01:20:00-06:00,0.0
2020-05-24 01:25:00-06:00,0.0
2020-05-24 01:30:00-06:00,0.0
2020-05-24 01:35:00-06:00,0.0
2020-05-24 01:40:00-06:00,0.0
2020-05-24 01:45:00-06:00,0.0
2020-05-24 01:50:00-06:00,0.0
2020-05-24 01:55:00-06:00,0.0
2020-05-24 02:00:00-06:00,0.0
2020-05-24 02:05:00-06:00,0.0
2020-05-24 02:10:00-06:00,0.0
2020-05-24 02:15:00-06:00,0.0
2020-05-24 02:20:00-06:00,0.0
2020-05-24 02:25:00-06:00,0.0
2020-05-24 02:30:00-06:00,0.0
2020-05-24 02:35:00-06:00,0.0
2020-05-24 02:40:00-06:00,0.0
2020-05-24 02:45:00-06:00,0.0
2020-05-24 02:50:00-06:00,0.0
2020-05-24 02:55:00-06:00,0.0
2020-05-24 03:00:00-06:00,0.0
2020-05-24 03:05:00-06:00,0.0
2020-05-24 03:10:00-06:00,0.0
2020-05-24 03:15:00-06:00,0.0
2020-05-24 03:20:00-06:00,0.0
2020-05-24 03:25:00-06:00,0.0
2020-05-24 03:30:00-06:00,0.0
2020-05-24 03:35:00-06:00,0.0
2020-05-24 03:40:00-06:00,0.0
2020-05-24 03:45:00-06:00,0.0
2020-05-24 03:50:00-06:00,0.0
2020-05-24 03:55:00-06:00,0.0
2020-05-24 04:00:00-06:00,0.0
2020-05-24 04:05:00-06:00,0.0
2020-05-24 04:10:00-06:00,0.0
2020-05-24 04:15:00-06:00,0.0
2020-05-24 04:20:00-06:00,0.0
2020-05-24 04:25:00-06:00,0.0
2020-05-24 04:30:00-06:00,0.0
2020-05-24 04:35:00-06:00,0.0
2020-05-24 04:40:00-06:00,0.0
2020-05-24 04:45:00-06:00,0.0
2020-05-24 04:50:00-06:00,0.0
2020-05-24 04:55:00-06:00,0.0
2020-05-24 05:00:00-06:00,0.0
2020-05-24 05:05:00-06:00,0.0
2020-05-24 05:10:00-06:00,0.0
2020-05-24 05:15:00-06:00,0.0
2020-05-24 05:20:00-06:00,0.0
2020-05-24 05:25:00-06:00,0.0
2020-05-24 05:30:00-06:00,0.0
2020-05-24 05:35:00-06:00,0.0
2020-05-24 05:40:00-06:00,0.0
2020-05-24 05:45:00-06:00,0.0
2020-05-24 05:50:00-06:00,0.0
2020-05-24 05:55:00-06:00,0.0
2020-05-24 06:00:00-06:00,-195.9
2020-05-24 06:05:00-06:00,-195.9
2020-05-24 06:10:00-06:00,-195.9
2020-05-24 06:15:00-06:00,-195.9
2020-05-24 06:20:00-06:00,-195.9
2020-05-24 06:25:00-06:00,-195.9
2020-05-24 06:30:00-06:00,-195.9
2020-05-24 06:35:00-06:00,-195.9
2020-05-24 06:40:00-06:00,-195.9
2020-05-24 06:45:00-06:00,-195.9
2020-05-24 06:50:00-06:00,-195.9
2020-05-24 06:55:00-06:00,-195.9
2020-05-24 07:00:00-06:00,-195.9
2020-05-24 07:05:00-06:00,-195.9
2020-05-24 07:10:00-06:00,-195.9
2020-05-24 07:15:00-06:00,-195.9
2020-05-24 07:20:00-06:00,-195.9
2020-05-24 07:25:00-06:00,-195.9
2020-05-24 07:30:00-06:00,-195.9
2020-05-24 07:35:00-06:00,-195.9
2020-05-24 07:40:00-06:00,-195.9
2020-05-24 07:45:00-06:00,-195.9
2020-05-24 07:50:00-06:00,-195.9
2020-05-24 07:55:00-06:00,-195.9
2020-05-24 08:00:00-06:00,-195.9
2020-05-24 08:05:00-06:00,-195.9
2020-05-24 08:10:00-06:00,-195.9
2020-05-24 08:15:00-06:00,-195.9
2020-05-24 08:20:00-06:00,-195.9
2020-05-24 08:25:00-06:00,-195.9
2020-05-24 08:30:00-06:00,-195.9
2020-05-24 08:35:00-06:00,-195.9
2020-05-24 08:40:00-06:00,-195.9
2020-05-24 08:45:00-06:00,-195.9
2020-05-24 08:50:00-06:00,-195.9
2020-05-24 08:55:00-06:00,-195.9
2020-05-24 09:00:00-06:00,-195.9
2020-05-24 09:05:00-06:00,-195.9
2020-05-24 09:10:00-06:00,-195.9
2020-05-24 09:15:00-06:00,-195.9
2020-05-24 09:20:00-06:00,-195.9
2020-05-24 09:25:00-06:00,-195.9
2020-05-24 09:30:00-06:00,-195.9
2020-05-24 09:35:00-06:00,-195.9
2020-05-24 09:40:00-06:00,-195.9
2020-05-24 09:45:00-06:00,-195.9
2020-05-24 09:50:00-06:00,-195.9
2020-05-24 09:55:00-06:00,-195.9
2020-05-24 10:00:00-06:00,-195.9
2020-05-24 10:05:00-06:00,-195.9
2020-05-24 10:10:00-06:00,-195.9
2020-05-24 10:15:00-06:00,-195.9
2020-05-24 10:20:00-06:00,-195.9
2020-05-24 10:25:00-06:00,-195.9
2020-05-24 10:30:00-06:00,-195.9
2020-05-24 10:35:00-06:00,-195.9
2020-05-24 10:40:00-06:00,-195.9
2020-05-24 10:45:00-06:00,-195.9
2020-05-24 10:50:00-06:00,-195.9
2020-05-24 10:55:00-06:00,-195.9
2020-05-24 11:00:00-06:00,-195.9
2020-05-24 11:05:00-06:00,-195.9
2020-05-24 11:10:00-06:00,-195.9
2020-05-24 11:15:00-06:00,-195.9
2020-05-24 11:20:00-06:00,-195.9
2020-05-24 11:25:00-06:00,-195.9
2020-05-24 11:30:00-06:00,-195.9
2020-05-24 11:35:00-06:00,-195.9
2020-05-24 11:40:00-06:00,-195.9
2020-05-24 11:45:00-06:00,-195.9
2020-05-24 11:50:00-06:00,-195.9
2020-05-24 11:55:00-06:00,-195.9
2020-05-24 12:00:00-06:00,-195.9
2020-05-24 12:05:00-06:00,-195.9
2020-05-24 12:10:00-06:00,-195.9
2020-05-24 12:15:00-06:00,-195.9
2020-05-24 12:20:00-06:00,-195.9
2020-05-24 12:25:00-06:00,-195.9
2020-05-24 12:30:00-06:00,-195.9
2020-05-24 12:35:00-06:00,-195.9
2020-05-24 12:40:00-06:00,-195.9
2020-05-24 12:45:00-06:00,-195.9
2020-05-24 12:50:00-06:00,-195.9
2020-05-24 12:55:00-06:00,-195.9
2020-05-24 13:00:00-06:00,-195.9
2020-05-24 13:05:00-06:00,-195.9
2020-05-24 13:10:00-06:00,-195.9
2020-05-24 13:15:00-06:00,-195.9
2020-05-24 13:20:00-06:00,-195.9
2020-05-24 13:25:00-06:00,-195.9
2020-05-24 13:30:00-06:00,-195.9
2020-05-24 13:35:00-06:00,-195.9
2020-05-24 13:40:00-06:00,-195.9
2020-05-24 13:45:00-06:00,-195.9
2020-05-24 13:50:00-06:00,-195.9
2020-05-24 13:55:00-06:00,-195.9
2020-05-24 14:00:00-06:00,-195.9
2020-05-24 14:05:00-06:00,-195.9
2020-05-24 14:10:00-06:00,-195.9
2020-05-24 14:15:00-06:00,-195.9
2020-05-24 14:20:00-06:00,-195.9
2020-05-24 14:25:00-06:00,-195.9
2020-05-24 14:30:00-06:00,-195.9
2020-05-24 14:35:00-06:00,-195.9
2020-05-24 14:40:00-06:00,-195.9
2020-05-24 14:45:00-06:00,-195.9
2020-05-24 14:50:00-06:00,-195.9
2020-05-24 14:55:00-06:00,-195.9
2020-05-24 15:00:00-06:00,-195.9
2020-05-24 15:05:00-06:00,-195.9
2020-05-24 15:10:00-06:00,-195.9
2020-05-24 15:15:00-06:00,-195.9
2020-05-24 15:20:00-06:00,-195.9
2020-05-24 15:25:00-06:00,-195.9
2020-05-24 15:30:00-06:00,-195.9
2020-05-24 15:35:00-06:00,-195.9
2020-05-24 15:40:00-06:00,-195.9
2020-05-24 15:45:00-06:00,-195.9
2020-05-24 15:50:00-06:00,-195.9
2020-05-24 15:55:00-06:00,-195.9
2020-05-24 16:00:00-06:00,-195.9
2020-05-24 16:05:00-06:00,-195.9
2020-05-24 16:10:00-06:00,-195.9
2020-05-24 16:15:00-06:00,-195.9
2020-05-24 16:20:00-06:00,-195.9
2020-05-24 16:25:00-06:00,-195.9
2020-05-24 16:30:00-06:00,-195.9
2020-05-24 16:35:00-06:00,-195.9
2020-05-24 16:40:00-06:00,-195.9
2020-05-24 16:45:00-06:00,-195.9
2020-05-24 16:50:00-06:00,-195.9
2020-05-24 16:55:00-06:00,-195.9
2020-05-24 17:00:00-06:00,-195.9
2020-05-24 17:05:00-06:00,-195.9
2020-05-24 17:10:00-06:00,-195.9
2020-05-24 17:15:00-06:00,-195.9
2020-05-24 17:20:00-06:00,-195.9
2020-05-24 17:25:00-06:00,-195.9
2020-05-24 17:30:00-06:00,-195.9
2020-05-24 17:35:00-06:00,-195.9
2020-05-24 17:40:00-06:00,-195.9
2020-05-24 17:45:00-06:00,-195.9
2020-05-24 17:50:00-06:00,-195.9
2020-05-24 17:55:00-06:00,-195.9
2020-05-24 18:00:00-06:00,-195.9
2020-05-24 18:05:00-06:00,-195.9
2020-05-24 18:10:00-06:00,-195.9
2020-05-24 18:15:00-06:00,-195.9
2020-05-24 18:20:00-06:00,-195.9
2020-05-24 18:25:00-06:00,-195.9
2020-05-24 18:30:00-06:00,-195.9
2020-05-24 18:35:00-06:00,-195.9
2020-05-24 18:40:00-06:00,-195.9
2020-05-24 18:45:00-06:00,-195.9
2020-05-24 18:50:00-06:00,-195.9
2020-05-24 18:55:00-06:00,-195.9
2020-05-24 19:00:00-06:00,-195.9
2020-05-24 19:05:00-06:00,-195.9
2020-05-24 19:10:00-06:00,-195.9
2020-05-24 19:15:00-06:00,-195.9
2020-05-24 19:20:00-06:00,-195.9
2020-05-24 19:25:00-06:00,-195.9
2020-05-24 19:30:00-06:00,-195.9
2020-05-24 19:35:00-06:00,-195.9
2020-05-24 19:40:00-06:00,-195.9
2020-05-24 19:45:00-06:00,-195.9
2020-05-24 19:50:00-06:00,-195.9
2020-05-24 19:55:00-06:00,-195.9
2020-05-24 20:00:00-06:00,-195.9
2020-05-24 20:05:00-06:00,-195.9
2020-05-24 20:10:00-06:00,0.0
2020-05-24 20:15:00-06:00,0.0
2020-05-24 20:20:00-06:00,0.0
2020-05-24 20:25:00-06:00,0.0
2020-05-24 20:30:00-06:00,0.0
2020-05-24 20:35:00-06:00,0.0
2020-05-24 20:40:00-06:00,0.0
2020-05-24 20:45:00-06:00,0.0
2020-05-24 20:50:00-06:00,0.0
2020-05-24 20:55:00-06:00,0.0
2020-05-24 21:00:00-06:00,0.0
2020-05-24 21:05:00-06:00,0.0
2020-05-24 21:10:00-06:00,0.0
2020-05-24 21:15:00-06:00,0.0
2020-05-24 21:20:00-06:00,0.0
2020-05-24 21:25:00-06:00,0.0
2020-05-24 21:30:00-06:00,0.0
2020-05-24 21:35:00-06:00,0.0
2020-05-24 21:40:00-06:00,0.0
2020-05-24 21:45:00-06:00,0.0
2020-05-24 21:50:00-06:00,0.0
2020-05-24 21:55:00-06:00,0.0
2020-05-24 22:00:00-06:00,0.0
2020-05-24 22:05:00-06:00,0.0
2020-05-24 22:10:00-06:00,0.0
2020-05-24 22:15:00-06:00,0.0
2020-05-24 22:20:00-06:00,0.0
2020-05-24 22:25:00-06:00,0.0
2020-05-24 22:30:00-06:00,0.0
2020-05-24 22:35:00-06:00,0.0
2020-05-24 22:40:00-06:00,0.0
2020-05-24 22:45:00-06:00,0.0
2020-05-24 22:50:00-06:00,0.0
2020-05-24 22:55:00-06:00,0.0
2020-05-24 23:00:00-06:00,0.0
2020-05-24 23:05:00-06:00,0.0
2020-05-24 23:10:00-06:00,0.0
2020-05-24 23:15:00-06:00,0.0
2020-05-24 23:20:00-06:00,0.0
2020-05-24 23:25:00-06:00,0.0
2020-05-24 23:30:00-06:00,0.0
2020-05-24 23:35:00-06:00,0.0
2020-05-24 23:40:00-06:00,0.0
2020-05-24 23:45:00-06:00,0.0
2020-05-24 23:50:00-06:00,0.0
2020-05-24 23:55:00-06:00,0.0
2020-05-25 00:00:00-06:00,0.0
