2020-05-12 06:00:00-06:00,-195.9
2020-05-12 06:05:00-06:00,-195.9
2020-05-12 06:10:00-06:00,2652.1967794065076
2020-05-12 06:15:00-06:00,9879.740403882035
2020-05-12 06:20:00-06:00,16789.416083497003
2020-05-12 06:25:00-06:00,23365.20540258546
2020-05-12 06:30:00-06:00,29823.034500379687
2020-05-12 06:35:00-06:00,36269.152380210304
2020-05-12 06:40:00-06:00,42725.790031196906
2020-05-12 06:45:00-06:00,49171.05252574945
2020-05-12 06:50:00-06:00,55560.29419292608
2020-05-12 06:55:00-06:00,61832.85587592353
2020-05-12 07:00:00-06:00,67907.80106354746
2020-05-12 07:05:00-06:00,73666.49477522868
2020-05-12 07:10:00-06:00,78906.94702420014
2020-05-12 07:15:00-06:00,83201.62731121866
2020-05-12 07:20:00-06:00,85099.33257516738
2020-05-12 07:25:00-06:00,84248.15416397565
2020-05-12 07:30:00-06:00,90321.64619767506
2020-05-12 07:35:00-06:00,96450.73279740408
2020-05-12 07:40:00-06:00,102633.90426541753
2020-05-12 07:45:00-06:00,108870.0050010739
2020-05-12 07:50:00-06:00,115158.15290379219
2020-05-12 07:55:00-06:00,121497.67975251687
2020-05-12 08:00:00-06:00,127888.08430685065
2020-05-12 08:05:00-06:00,134328.99480672437
2020-05-12 08:10:00-06:00,140820.1417143594
2020-05-12 08:15:00-06:00,147361.33410258158
2020-05-12 08:20:00-06:00,153952.4412350431
2020-05-12 08:25:00-06:00,160593.37559975657
2020-05-12 08:30:00-06:00,167284.07926397002
2020-05-12 08:35:00-06:00,173965.54266008674
2020-05-12 08:40:00-06:00,180670.86833380855
2020-05-12 08:45:00-06:00,187419.66237047818
2020-05-12 08:50:00-06:00,194210.72284925432
2020-05-12 08:55:00-06:00,201042.7785211832
2020-05-12 09:00:00-06:00,207914.49141950798
2020-05-12 09:05:00-06:00,212657.83031452083
2020-05-12 09:10:00-06:00,217431.22388658408
2020-05-12 09:15:00-06:00,222233.4469300723
2020-05-12 09:20:00-06:00,227063.25346258146
2020-05-12 09:25:00-06:00,231919.36563482464
2020-05-12 09:30:00-06:00,236800.4852938996
2020-05-12 09:35:00-06:00,241705.27690010518
2020-05-12 09:40:00-06:00,246632.3707639143
2020-05-12 09:45:00-06:00,251580.36847221194
2020-05-12 09:50:00-06:00,256547.82598950723
2020-05-12 09:55:00-06:00,261533.2587558846
2020-05-12 10:00:00-06:00,266535.14229241485
2020-05-12 10:05:00-06:00,271551.9025269016
2020-05-12 10:10:00-06:00,276581.9137450356
2020-05-12 10:15:00-06:00,281623.50862819265
2020-05-12 10:20:00-06:00,286674.95620307093
2020-05-12 10:25:00-06:00,291734.4843202994
2020-05-12 10:30:00-06:00,296800.25525098183
2020-05-12 10:35:00-06:00,301870.3774383256
2020-05-12 10:40:00-06:00,306942.9130702741
2020-05-12 10:45:00-06:00,312015.8600286908
2020-05-12 10:50:00-06:00,317087.1612831838
2020-05-12 10:55:00-06:00,322154.71730459225
2020-05-12 11:00:00-06:00,327216.36874491646
2020-05-12 11:05:00-06:00,332269.90742217365
2020-05-12 11:10:00-06:00,337313.09248034185
2020-05-12 11:15:00-06:00,342343.6269851303
2020-05-12 11:20:00-06:00,347359.1928576471
2020-05-12 11:25:00-06:00,352357.42963923427
2020-05-12 11:30:00-06:00,357335.95301132195
2020-05-12 11:35:00-06:00,362292.3725733211
2020-05-12 11:40:00-06:00,367224.27171577263
2020-05-12 11:45:00-06:00,372129.23293526197
2020-05-12 11:50:00-06:00,377004.8501045441
2020-05-12 11:55:00-06:00,381848.72180672776
2020-05-12 12:00:00-06:00,386658.46611358796
2020-05-12 12:05:00-06:00,395432.4310691908
2020-05-12 12:10:00-06:00,404028.3367762219
2020-05-12 12:15:00-06:00,412458.15044573316
2020-05-12 12:20:00-06:00,420733.82128993934
2020-05-12 12:25:00-06:00,428867.28658283193
2020-05-12 12:30:00-06:00,436870.430303129
2020-05-12 12:35:00-06:00,444755.0687692521
2020-05-12 12:40:00-06:00,452532.9449621617
2020-05-12 12:45:00-06:00,460215.67199113476
2020-05-12 12:50:00-06:00,467814.7459040427
2020-05-12 12:55:00-06:00,475341.48159740947
2020-05-12 13:00:00-06:00,482807.02736968274
2020-05-12 13:05:00-06:00,490222.295163872
2020-05-12 13:10:00-06:00,497597.9870649479
2020-05-12 13:15:00-06:00,504944.5168256215
2020-05-12 13:20:00-06:00,512272.00855003577
2020-05-12 13:25:00-06:00,519590.3041629691
2020-05-12 13:30:00-06:00,526908.8737513738
2020-05-12 13:35:00-06:00,534236.8630843498
2020-05-12 13:40:00-06:00,541583.0199021851
2020-05-12 13:45:00-06:00,548955.722906211
2020-05-12 13:50:00-06:00,556362.9163986607
2020-05-12 13:55:00-06:00,563812.1684169766
2020-05-12 14:00:00-06:00,571310.5814694836
2020-05-12 14:05:00-06:00,578864.8295657125
2020-05-12 14:10:00-06:00,586481.1808147734
2020-05-12 14:15:00-06:00,594165.4313864553
2020-05-12 14:20:00-06:00,601922.981199931
2020-05-12 14:25:00-06:00,609758.7683632924
2020-05-12 14:30:00-06:00,617677.3679330922
2020-05-12 14:35:00-06:00,625682.9047483259
2020-05-12 14:40:00-06:00,633779.1880120499
2020-05-12 14:45:00-06:00,641969.6449217196
2020-05-12 14:50:00-06:00,650257.3655756614
2020-05-12 14:55:00-06:00,653000.0
2020-05-12 15:00:00-06:00,653000.0
2020-05-12 15:05:00-06:00,653000.0
2020-05-12 15:10:00-06:00,653000.0
2020-05-12 15:15:00-06:00,650292.7730704286
2020-05-12 15:20:00-06:00,644741.2819045613
2020-05-12 15:25:00-06:00,639217.5874680275
2020-05-12 15:30:00-06:00,633719.7728460123
2020-05-12 15:35:00-06:00,628246.1460024331
2020-05-12 15:40:00-06:00,622795.218304131
2020-05-12 15:45:00-06:00,617365.7584273728
2020-05-12 15:50:00-06:00,611956.8017630081
2020-05-12 15:55:00-06:00,606567.658501859
2020-05-12 16:00:00-06:00,601197.9710356091
2020-05-12 16:05:00-06:00,595847.6348527638
2020-05-12 16:10:00-06:00,590516.9485523659
2020-05-12 16:15:00-06:00,585206.5543424066
2020-05-12 16:20:00-06:00,579917.481589435
2020-05-12 16:25:00-06:00,574651.1356533138
2020-05-12 16:30:00-06:00,569409.3427992922
2020-05-12 16:35:00-06:00,564194.369797751
2020-05-12 16:40:00-06:00,559008.9005744798
2020-05-12 16:45:00-06:00,553856.1021910865
2020-05-12 16:50:00-06:00,548739.5402883542
2020-05-12 16:55:00-06:00,543663.2928356733
2020-05-12 17:00:00-06:00,538631.8871321646
2020-05-12 17:05:00-06:00,533650.3000760423
2020-05-12 17:10:00-06:00,528723.9524471584
2020-05-12 17:15:00-06:00,523858.69715099205
2020-05-12 17:20:00-06:00,519060.78460865945
2020-05-12 17:25:00-06:00,513738.99818713695
2020-05-12 17:30:00-06:00,507913.35587923997
2020-05-12 17:35:00-06:00,502144.9553093215
2020-05-12 17:40:00-06:00,496423.32585028117
2020-05-12 17:45:00-06:00,490737.34442515555
2020-05-12 17:50:00-06:00,485075.2812932497
2020-05-12 17:55:00-06:00,479424.67569775204
2020-05-12 18:00:00-06:00,473772.2204865044
2020-05-12 18:05:00-06:00,463699.20038790355
2020-05-12 18:10:00-06:00,453494.34194744023
2020-05-12 18:15:00-06:00,443151.7137374804
2020-05-12 18:20:00-06:00,432666.50533036364
2020-05-12 18:25:00-06:00,422035.24053444236
2020-05-12 18:30:00-06:00,411256.11858012085
2020-05-12 18:35:00-06:00,395370.01146069716
2020-05-12 18:40:00-06:00,369468.33681979205
2020-05-12 18:45:00-06:00,342155.69024693914
2020-05-12 18:50:00-06:00,314830.07705762505
2020-05-12 18:55:00-06:00,287987.9039812853
2020-05-12 19:00:00-06:00,261794.21932750428
2020-05-12 19:05:00-06:00,236289.52923012455
2020-05-12 19:10:00-06:00,211483.93013889858
2020-05-12 19:15:00-06:00,187397.8342665259
2020-05-12 19:20:00-06:00,164061.56770194843
2020-05-12 19:25:00-06:00,141458.04901438215
2020-05-12 19:30:00-06:00,119347.75048566183
2020-05-12 19:35:00-06:00,96799.22169765939
2020-05-12 19:40:00-06:00,70915.54859706662
2020-05-12 19:45:00-06:00,33502.08721513415
2020-05-12 19:50:00-06:00,-195.9
2020-05-12 19:55:00-06:00,-195.9
2020-05-12 20:00:00-06:00,-195.9
2020-05-12 20:05:00-06:00,0.0
2020-05-12 20:10:00-06:00,0.0
2020-05-12 20:15:00-06:00,0.0
2020-05-12 20:20:00-06:00,0.0
2020-05-12 20:25:00-06:00,0.0
2020-05-12 20:30:00-06:00,0.0
2020-05-12 20:35:00-06:00,0.0
2020-05-12 20:40:00-06:00,0.0
2020-05-12 20:45:00-06:00,0.0
2020-05-12 20:50:00-06:00,0.0
2020-05-12 20:55:00-06:00,0.0
2020-05-12 21:00:00-06:00,0.0
2020-05-12 21:05:00-06:00,0.0
2020-05-12 21:10:00-06:00,0.0
2020-05-12 21:15:00-06:00,0.0
2020-05-12 21:20:00-06:00,0.0
2020-05-12 21:25:00-06:00,0.0
2020-05-12 21:30:00-06:00,0.0
2020-05-12 21:35:00-06:00,0.0
2020-05-12 21:40:00-06:00,0.0
2020-05-12 21:45:00-06:00,0.0
2020-05-12 21:50:00-06:00,0.0
2020-05-12 21:55:00-06:00,0.0
2020-05-12 22:00:00-06:00,0.0
2020-05-12 22:05:00-06:00,0.0
2020-05-12 22:10:00-06:00,0.0
2020-05-12 22:15:00-06:00,0.0
2020-05-12 22:20:00-06:00,0.0
2020-05-12 22:25:00-06:00,0.0
2020-05-12 22:30:00-06:00,0.0
2020-05-12 22:35:00-06:00,0.0
2020-05-12 22:40:00-06:00,0.0
2020-05-12 22:45:00-06:00,0.0
2020-05-12 22:50:00-06:00,0.0
2020-05-12 22:55:00-06:00,0.0
2020-05-12 23:00:00-06:00,0.0
2020-05-12 23:05:00-06:00,0.0
2020-05-12 23:10:00-06:00,0.0
2020-05-12 23:15:00-06:00,0.0
2020-05-12 23:20:00-06:00,0.0
2020-05-12 23:25:00-06:00,0.0
2020-05-12 23:30:00-06:00,0.0
2020-05-12 23:35:00-06:00,0.0
2020-05-12 23:40:00-06:00,0.0
2020-05-12 23:45:00-06:00,0.0
2020-05-12 23:50:00-06:00,0.0
2020-05-12 23:55:00-06:00,0.0
2020-05-13 00:00:00-06:00,0.0
2020-05-13 00:05:00-06:00,0.0
2020-05-13 00:10:00-06:00,0.0
2020-05-13 00:15:00-06:00,0.0
2020-05-13 00:20:00-06:00,0.0
2020-05-13 00:25:00-06:00,0.0
2020-05-13 00:30:00-06:00,0.0
2020-05-13 00:35:00-06:00,0.0
2020-05-13 00:40:00-06:00,0.0
2020-05-13 00:45:00-06:00,0.0
2020-05-13 00:50:00-06:00,0.0
2020-05-13 00:55:00-06:00,0.0
2020-05-13 01:00:00-06:00,0.0
2020-05-13 01:05:00-06:00,0.0
2020-05-13 01:10:00-06:00,0.0
2020-05-13 01:15:00-06:00,0.0
2020-05-13 01:20:00-06:00,0.0
2020-05-13 01:25:00-06:00,0.0
2020-05-13 01:30:00-06:00,0.0
2020-05-13 01:35:00-06:00,0.0
2020-05-13 01:40:00-06:00,0.0
2020-05-13 01:45:00-06:00,0.0
2020-05-13 01:50:00-06:00,0.0
2020-05-13 01:55:00-06:00,0.0
2020-05-13 02:00:00-06:00,0.0
2020-05-13 02:05:00-06:00,0.0
2020-05-13 02:10:00-06:00,0.0
2020-05-13 02:15:00-06:00,0.0
2020-05-13 02:20:00-06:00,0.0
2020-05-13 02:25:00-06:00,0.0
2020-05-13 02:30:00-06:00,0.0
2020-05-13 02:35:00-06:00,0.0
2020-05-13 02:40:00-06:00,0.0
2020-05-13 02:45:00-06:00,0.0
2020-05-13 02:50:00-06:00,0.0
2020-05-13 02:55:00-06:00,0.0
2020-05-13 03:00:00-06:00,0.0
2020-05-13 03:05:00-06:00,0.0
2020-05-13 03:10:00-06:00,0.0
2020-05-13 03:15:00-06:00,0.0
2020-05-13 03:20:00-06:00,0.0
2020-05-13 03:25:00-06:00,0.0
2020-05-13 03:30:00-06:00,0.0
2020-05-13 03:35:00-06:00,0.0
2020-05-13 03:40:00-06:00,0.0
2020-05-13 03:45:00-06:00,0.0
2020-05-13 03:50:00-06:00,0.0
2020-05-13 03:55:00-06:00,0.0
2020-05-13 04:00:00-06:00,0.0
2020-05-13 04:05:00-06:00,0.0
2020-05-13 04:10:00-06:00,0.0
2020-05-13 04:15:00-06:00,0.0
2020-05-13 04:20:00-06:00,0.0
2020-05-13 04:25:00-06:00,0.0
2020-05-13 04:30:00-06:00,0.0
2020-05-13 04:35:00-06:00,0.0
2020-05-13 04:40:00-06:00,0.0
2020-05-13 04:45:00-06:00,0.0
2020-05-13 04:50:00-06:00,0.0
2020-05-13 04:55:00-06:00,0.0
2020-05-13 05:00:00-06:00,0.0
2020-05-13 05:05:00-06:00,0.0
2020-05-13 05:10:00-06:00,0.0
2020-05-13 05:15:00-06:00,0.0
2020-05-13 05:20:00-06:00,0.0
2020-05-13 05:25:00-06:00,0.0
2020-05-13 05:30:00-06:00,0.0
2020-05-13 05:35:00-06:00,0.0
2020-05-13 05:40:00-06:00,0.0
2020-05-13 05:45:00-06:00,0.0
2020-05-13 05:50:00-06:00,-195.9
2020-05-13 05:55:00-06:00,-195.9
2020-05-13 06:00:00-06:00,-195.9
2020-05-13 06:05:00-06:00,-195.9
2020-05-13 06:10:00-06:00,3050.6651784704372
2020-05-13 06:15:00-06:00,9424.648464841022
2020-05-13 06:20:00-06:00,15601.414737345507
2020-05-13 06:25:00-06:00,21551.26065937408
2020-05-13 06:30:00-06:00,27418.08244543726
2020-05-13 06:35:00-06:00,33269.37754839835
2020-05-13 06:40:00-06:00,39111.09657177642
2020-05-13 06:45:00-06:00,44915.82502132672
2020-05-13 06:50:00-06:00,50637.697890068834
2020-05-13 06:55:00-06:00,56215.914380541326
2020-05-13 07:00:00-06:00,61568.71501655653
2020-05-13 07:05:00-06:00,66574.23972920068
2020-05-13 07:10:00-06:00,71020.15594268528
2020-05-13 07:15:00-06:00,74435.8856285223
2020-05-13 07:20:00-06:00,74896.05543993133
2020-05-13 07:25:00-06:00,75193.40495362938
2020-05-13 07:30:00-06:00,80680.26285753504
2020-05-13 07:35:00-06:00,86222.68432053784
2020-05-13 07:40:00-06:00,91819.27958223839
2020-05-13 07:45:00-06:00,97468.97282096144
2020-05-13 07:50:00-06:00,103170.92852129694
2020-05-13 07:55:00-06:00,108924.49831475262
2020-05-13 08:00:00-06:00,114729.17862700508
2020-05-13 08:05:00-06:00,120584.57707175748
2020-05-13 08:10:00-06:00,126490.3833658792
2020-05-13 08:15:00-06:00,132446.35371640828
2020-05-13 08:20:00-06:00,138452.2906882001
2020-05-13 08:25:00-06:00,144508.0286551418
2020-05-13 08:30:00-06:00,150613.42147347992
2020-05-13 08:35:00-06:00,156742.64934428188
2020-05-13 08:40:00-06:00,162887.1693783055
2020-05-13 08:45:00-06:00,169076.73597994584
2020-05-13 08:50:00-06:00,175310.37519953633
2020-05-13 08:55:00-06:00,181587.05044228933
2020-05-13 09:00:00-06:00,187905.66632285973
2020-05-13 09:05:00-06:00,196178.17450862
2020-05-13 09:10:00-06:00,204472.5209695842
2020-05-13 09:15:00-06:00,212786.8121896402
2020-05-13 09:20:00-06:00,221119.11393814872
2020-05-13 09:25:00-06:00,229467.45648859887
2020-05-13 09:30:00-06:00,237829.83414556365
2020-05-13 09:35:00-06:00,246204.21391848347
2020-05-13 09:40:00-06:00,254588.52849507716
2020-05-13 09:45:00-06:00,262980.6937821981
2020-05-13 09:50:00-06:00,271378.6023715719
2020-05-13 09:55:00-06:00,279780.1299773252
2020-05-13 10:00:00-06:00,288183.14037303964
2020-05-13 10:05:00-06:00,296585.48460900964
2020-05-13 10:10:00-06:00,304985.0083738948
2020-05-13 10:15:00-06:00,313379.54920301965
2020-05-13 10:20:00-06:00,321766.9464975522
2020-05-13 10:25:00-06:00,330145.0406589308
2020-05-13 10:30:00-06:00,338511.6654522535
2020-05-13 10:35:00-06:00,346864.6686365909
2020-05-13 10:40:00-06:00,355201.90521275846
2020-05-13 10:45:00-06:00,363521.2384493544
2020-05-13 10:50:00-06:00,371820.54567054845
2020-05-13 10:55:00-06:00,380097.7213131867
2020-05-13 11:00:00-06:00,388350.6835574349
2020-05-13 11:05:00-06:00,396577.36392442964
2020-05-13 11:10:00-06:00,404775.72922163684
2020-05-13 11:15:00-06:00,412943.780654934
2020-05-13 11:20:00-06:00,421079.55110123724
2020-05-13 11:25:00-06:00,429181.1188264561
2020-05-13 11:30:00-06:00,437246.61124036997
2020-05-13 11:35:00-06:00,445274.2026644721
2020-05-13 11:40:00-06:00,453262.14036046836
2020-05-13 11:45:00-06:00,461208.724344666
2020-05-13 11:50:00-06:00,469112.34802311397
2020-05-13 11:55:00-06:00,476971.4613304889
2020-05-13 12:00:00-06:00,484784.6208831834
2020-05-13 12:05:00-06:00,478461.4652118116
2020-05-13 12:10:00-06:00,472118.3830318014
2020-05-13 12:15:00-06:00,465753.65391497413
2020-05-13 12:20:00-06:00,459365.7192486554
2020-05-13 12:25:00-06:00,452953.18576836184
2020-05-13 12:30:00-06:00,446514.8346749336
2020-05-13 12:35:00-06:00,440049.5888374655
2020-05-13 12:40:00-06:00,433556.5554473995
2020-05-13 12:45:00-06:00,427034.9877601142
2020-05-13 12:50:00-06:00,420484.2940817872
2020-05-13 12:55:00-06:00,413904.06264817563
2020-05-13 13:00:00-06:00,407294.01534090406
2020-05-13 13:05:00-06:00,400654.0341078552
2020-05-13 13:10:00-06:00,393984.1599250465
2020-05-13 13:15:00-06:00,387284.5675105371
2020-05-13 13:20:00-06:00,380555.5743786651
2020-05-13 13:25:00-06:00,373797.64988996036
2020-05-13 13:30:00-06:00,367011.3793142913
2020-05-13 13:35:00-06:00,360197.48151325155
2020-05-13 13:40:00-06:00,353356.8038784219
2020-05-13 13:45:00-06:00,346490.30371508753
2020-05-13 13:50:00-06:00,339599.04536340176
2020-05-13 13:55:00-06:00,332684.20959489443
2020-05-13 14:00:00-06:00,325747.064597359
2020-05-13 14:05:00-06:00,318788.97239968803
2020-05-13 14:10:00-06:00,311811.38702372
2020-05-13 14:15:00-06:00,304815.8371995053
2020-05-13 14:20:00-06:00,297803.92183922575
2020-05-13 14:25:00-06:00,290777.3201802676
2020-05-13 14:30:00-06:00,283737.762857593
2020-05-13 14:35:00-06:00,276687.03871554596
2020-05-13 14:40:00-06:00,269626.996325757
2020-05-13 14:45:00-06:00,262559.5235256304
2020-05-13 14:50:00-06:00,255486.5521610951
2020-05-13 14:55:00-06:00,248410.0562018003
2020-05-13 15:00:00-06:00,241332.0384983312
2020-05-13 15:05:00-06:00,236380.5459241761
2020-05-13 15:10:00-06:00,231448.2407805645
2020-05-13 15:15:00-06:00,226536.97826716688
2020-05-13 15:20:00-06:00,221648.54630380074
2020-05-13 15:25:00-06:00,216784.66404816872
2020-05-13 15:30:00-06:00,211946.9810571496
2020-05-13 15:35:00-06:00,207137.08246446284
2020-05-13 15:40:00-06:00,202356.4737163718
2020-05-13 15:45:00-06:00,197606.59735663
2020-05-13 15:50:00-06:00,192888.83008841888
2020-05-13 15:55:00-06:00,188204.47624288136
2020-05-13 16:00:00-06:00,183554.77530605518
2020-05-13 16:05:00-06:00,178940.90052353375
2020-05-13 16:10:00-06:00,174363.96219197474
2020-05-13 16:15:00-06:00,169825.00706572438
2020-05-13 16:20:00-06:00,165325.0259413539
2020-05-13 16:25:00-06:00,160864.9403724355
2020-05-13 16:30:00-06:00,156445.6198946791
2020-05-13 16:35:00-06:00,152067.87855575143
2020-05-13 16:40:00-06:00,147732.47145853276
2020-05-13 16:45:00-06:00,143440.10067521033
2020-05-13 16:50:00-06:00,139191.41268880016
2020-05-13 16:55:00-06:00,134987.00331995919
2020-05-13 17:00:00-06:00,130827.41414686099
2020-05-13 17:05:00-06:00,126713.13909914975
2020-05-13 17:10:00-06:00,122644.61237810946
2020-05-13 17:15:00-06:00,118622.22085486192
2020-05-13 17:20:00-06:00,114646.29870546091
2020-05-13 17:25:00-06:00,110696.98821231067
2020-05-13 17:30:00-06:00,106790.36168721439
2020-05-13 17:35:00-06:00,102931.57553208762
2020-05-13 17:40:00-06:00,99120.45975378418
2020-05-13 17:45:00-06:00,95356.80848426459
2020-05-13 17:50:00-06:00,91640.39775492004
2020-05-13 17:55:00-06:00,87970.97447528239
2020-05-13 18:00:00-06:00,84348.26235789232
2020-05-13 18:05:00-06:00,81299.39952954515
2020-05-13 18:10:00-06:00,78272.99716106459
2020-05-13 18:15:00-06:00,75268.87193981973
2020-05-13 18:20:00-06:00,72286.81200504427
2020-05-13 18:25:00-06:00,69326.58370939009
2020-05-13 18:30:00-06:00,66387.94097728016
2020-05-13 18:35:00-06:00,69321.7904420931
2020-05-13 18:40:00-06:00,71551.71988060696
2020-05-13 18:45:00-06:00,71224.68192321903
2020-05-13 18:50:00-06:00,69934.88012551781
2020-05-13 18:55:00-06:00,68087.3447998847
2020-05-13 19:00:00-06:00,65861.51252281219
2020-05-13 19:05:00-06:00,63355.68989190421
2020-05-13 19:10:00-06:00,60630.00130960916
2020-05-13 19:15:00-06:00,57720.82424294779
2020-05-13 19:20:00-06:00,54639.34199517684
2020-05-13 19:25:00-06:00,51347.57350526455
2020-05-13 19:30:00-06:00,47679.411495115426
2020-05-13 19:35:00-06:00,43103.68517423975
2020-05-13 19:40:00-06:00,36008.37580116744
2020-05-13 19:45:00-06:00,21597.637705368033
2020-05-13 19:50:00-06:00,-195.9
2020-05-13 19:55:00-06:00,-195.9
2020-05-13 20:00:00-06:00,-195.9
2020-05-13 20:05:00-06:00,-195.9
2020-05-13 20:10:00-06:00,0.0
2020-05-13 20:15:00-06:00,0.0
2020-05-13 20:20:00-06:00,0.0
2020-05-13 20:25:00-06:00,0.0
2020-05-13 20:30:00-06:00,0.0
2020-05-13 20:35:00-06:00,0.0
2020-05-13 20:40:00-06:00,0.0
2020-05-13 20:45:00-06:00,0.0
2020-05-13 20:50:00-06:00,0.0
2020-05-13 20:55:00-06:00,0.0
2020-05-13 21:00:00-06:00,0.0
2020-05-13 21:05:00-06:00,0.0
2020-05-13 21:10:00-06:00,0.0
2020-05-13 21:15:00-06:00,0.0
2020-05-13 21:20:00-06:00,0.0
2020-05-13 21:25:00-06:00,0.0
2020-05-13 21:30:00-06:00,0.0
2020-05-13 21:35:00-06:00,0.0
2020-05-13 21:40:00-06:00,0.0
2020-05-13 21:45:00-06:00,0.0
2020-05-13 21:50:00-06:00,0.0
2020-05-13 21:55:00-06:00,0.0
2020-05-13 22:00:00-06:00,0.0
2020-05-13 22:05:00-06:00,0.0
2020-05-13 22:10:00-06:00,0.0
2020-05-13 22:15:00-06:00,0.0
2020-05-13 22:20:00-06:00,0.0
2020-05-13 22:25:00-06:00,0.0
2020-05-13 22:30:00-06:00,0.0
2020-05-13 22:35:00-06:00,0.0
2020-05-13 22:40:00-06:00,0.0
2020-05-13 22:45:00-06:00,0.0
2020-05-13 22:50:00-06:00,0.0
2020-05-13 22:55:00-06:00,0.0
2020-05-13 23:00:00-06:00,0.0
2020-05-13 23:05:00-06:00,0.0
2020-05-13 23:10:00-06:00,0.0
2020-05-13 23:15:00-06:00,0.0
2020-05-13 23:20:00-06:00,0.0
2020-05-13 23:25:00-06:00,0.0
2020-05-13 23:30:00-06:00,0.0
2020-05-13 23:35:00-06:00,0.0
2020-05-13 23:40:00-06:00,0.0
2020-05-13 23:45:00-06:00,0.0
2020-05-13 23:50:00-06:00,0.0
2020-05-13 23:55:00-06:00,0.0
2020-05-14 00:00:00-06:00,0.0
2020-05-14 00:05:00-06:00,0.0
2020-05-14 00:10:00-06:00,0.0
2020-05-14 00:15:00-06:00,0.0
2020-05-14 00:20:00-06:00,0.0
2020-05-14 00:25:00-06:00,0.0
2020-05-14 00:30:00-06:00,0.0
2020-05-14 00:35:00-06:00,0.0
2020-05-14 00:40:00-06:00,0.0
2020-05-14 00:45:00-06:00,0.0
2020-05-14 00:50:00-06:00,0.0
2020-05-14 00:55:00-06:00,0.0
2020-05-14 01:00:00-06:00,0.0
2020-05-14 01:05:00-06:00,0.0
2020-05-14 01:10:00-06:00,0.0
2020-05-14 01:15:00-06:00,0.0
2020-05-14 01:20:00-06:00,0.0
2020-05-14 01:25:00-06:00,0.0
2020-05-14 01:30:00-06:00,0.0
2020-05-14 01:35:00-06:00,0.0
2020-05-14 01:40:00-06:00,0.0
2020-05-14 01:45:00-06:00,0.0
2020-05-14 01:50:00-06:00,0.0
2020-05-14 01:55:00-06:00,0.0
2020-05-14 02:00:00-06:00,0.0
2020-05-14 02:05:00-06:00,0.0
2020-05-14 02:10:00-06:00,0.0
2020-05-14 02:15:00-06:00,0.0
2020-05-14 02:20:00-06:00,0.0
2020-05-14 02:25:00-06:00,0.0
2020-05-14 02:30:00-06:00,0.0
2020-05-14 02:35:00-06:00,0.0
2020-05-14 02:40:00-06:00,0.0
2020-05-14 02:45:00-06:00,0.0
2020-05-14 02:50:00-06:00,0.0
2020-05-14 02:55:00-06:00,0.0
2020-05-14 03:00:00-06:00,0.0
2020-05-14 03:05:00-06:00,0.0
2020-05-14 03:10:00-06:00,0.0
2020-05-14 03:15:00-06:00,0.0
2020-05-14 03:20:00-06:00,0.0
2020-05-14 03:25:00-06:00,0.0
2020-05-14 03:30:00-06:00,0.0
2020-05-14 03:35:00-06:00,0.0
2020-05-14 03:40:00-06:00,0.0
2020-05-14 03:45:00-06:00,0.0
2020-05-14 03:50:00-06:00,0.0
2020-05-14 03:55:00-06:00,0.0
2020-05-14 04:00:00-06:00,0.0
2020-05-14 04:05:00-06:00,0.0
2020-05-14 04:10:00-06:00,0.0
2020-05-14 04:15:00-06:00,0.0
2020-05-14 04:20:00-06:00,0.0
2020-05-14 04:25:00-06:00,0.0
2020-05-14 04:30:00-06:00,0.0
2020-05-14 04:35:00-06:00,0.0
2020-05-14 04:40:00-06:00,0.0
2020-05-14 04:45:00-06:00,0.0
2020-05-14 04:50:00-06:00,0.0
2020-05-14 04:55:00-06:00,0.0
2020-05-14 05:00:00-06:00,0.0
2020-05-14 05:05:00-06:00,0.0
2020-05-14 05:10:00-06:00,0.0
2020-05-14 05:15:00-06:00,0.0
2020-05-14 05:20:00-06:00,0.0
2020-05-14 05:25:00-06:00,0.0
2020-05-14 05:30:00-06:00,0.0
2020-05-14 05:35:00-06:00,0.0
2020-05-14 05:40:00-06:00,0.0
2020-05-14 05:45:00-06:00,0.0
2020-05-14 05:50:00-06:00,-195.9
2020-05-14 05:55:00-06:00,-195.9
2020-05-14 06:00:00-06:00,-195.9
2020-05-14 06:05:00-06:00,-195.9
2020-05-14 06:10:00-06:00,5667.556116308424
2020-05-14 06:15:00-06:00,14358.083382517694
2020-05-14 06:20:00-06:00,23060.81378227574
2020-05-14 06:25:00-06:00,31814.867324355342
2020-05-14 06:30:00-06:00,40776.194373988736
2020-05-14 06:35:00-06:00,50007.54126594754
2020-05-14 06:40:00-06:00,59501.850679821415
2020-05-14 06:45:00-06:00,69216.0487437289
2020-05-14 06:50:00-06:00,79089.34785750264
2020-05-14 06:55:00-06:00,89047.24988720921
2020-05-14 07:00:00-06:00,98991.87709466653
2020-05-14 07:05:00-06:00,108771.73286873866
2020-05-14 07:10:00-06:00,118101.70014686041
2020-05-14 07:15:00-06:00,126291.68158302957
2020-05-14 07:20:00-06:00,129604.11457358037
2020-05-14 07:25:00-06:00,135454.24425370264
2020-05-14 07:30:00-06:00,144525.5889348567
2020-05-14 07:35:00-06:00,153619.93022472246
2020-05-14 07:40:00-06:00,162735.50370343265
2020-05-14 07:45:00-06:00,171871.16904187662
2020-05-14 07:50:00-06:00,181026.29799163082
2020-05-14 07:55:00-06:00,190200.69006849683
2020-05-14 08:00:00-06:00,199394.50398947936
2020-05-14 08:05:00-06:00,208608.20841381786
2020-05-14 08:10:00-06:00,217842.54193900552
2020-05-14 08:15:00-06:00,227098.47352411505
2020-05-14 08:20:00-06:00,236377.179196391
2020-05-14 08:25:00-06:00,245680.01201738877
2020-05-14 08:30:00-06:00,255008.48094354916
2020-05-14 08:35:00-06:00,264320.4721929956
2020-05-14 08:40:00-06:00,273433.460816209
2020-05-14 08:45:00-06:00,282559.9946540123
2020-05-14 08:50:00-06:00,291698.3966379906
2020-05-14 08:55:00-06:00,300846.90232876583
2020-05-14 09:00:00-06:00,310003.67667180265
2020-05-14 09:05:00-06:00,314593.8252623215
2020-05-14 09:10:00-06:00,319232.04340835684
2020-05-14 09:15:00-06:00,323915.59142635734
2020-05-14 09:20:00-06:00,328641.8818588863
2020-05-14 09:25:00-06:00,333408.44386798714
2020-05-14 09:30:00-06:00,338212.93699191685
2020-05-14 09:35:00-06:00,343053.10517591436
2020-05-14 09:40:00-06:00,347926.7800395037
2020-05-14 09:45:00-06:00,352831.8770292213
2020-05-14 09:50:00-06:00,357766.3614541304
2020-05-14 09:55:00-06:00,362728.2512854678
2020-05-14 10:00:00-06:00,367715.592548287
2020-05-14 10:05:00-06:00,372726.4751866803
2020-05-14 10:10:00-06:00,377758.9879508441
2020-05-14 10:15:00-06:00,382811.23149442
2020-05-14 10:20:00-06:00,387881.30813678226
2020-05-14 10:25:00-06:00,392967.3054741292
2020-05-14 10:30:00-06:00,398067.2864552251
2020-05-14 10:35:00-06:00,403179.30701336416
2020-05-14 10:40:00-06:00,408301.37947090855
2020-05-14 10:45:00-06:00,413431.4849282037
2020-05-14 10:50:00-06:00,418567.5662482104
2020-05-14 10:55:00-06:00,423707.5348876014
2020-05-14 11:00:00-06:00,428849.2538699875
2020-05-14 11:05:00-06:00,433990.5327867722
2020-05-14 11:10:00-06:00,439129.1688103895
2020-05-14 11:15:00-06:00,444262.88902826904
2020-05-14 11:20:00-06:00,449389.39911640144
2020-05-14 11:25:00-06:00,454506.3550945695
2020-05-14 11:30:00-06:00,459611.4027471397
2020-05-14 11:35:00-06:00,464702.1478071462
2020-05-14 11:40:00-06:00,469776.1689256232
2020-05-14 11:45:00-06:00,474831.055289832
2020-05-14 11:50:00-06:00,479864.367401596
2020-05-14 11:55:00-06:00,484873.6753643039
2020-05-14 12:00:00-06:00,489856.5477928023
2020-05-14 12:05:00-06:00,483218.1725797066
2020-05-14 12:10:00-06:00,476566.2438018752
2020-05-14 12:15:00-06:00,469898.97177250846
2020-05-14 12:20:00-06:00,463214.72988500976
2020-05-14 12:25:00-06:00,456512.0489706318
2020-05-14 12:30:00-06:00,449789.6249790503
2020-05-14 12:35:00-06:00,443046.31433547806
2020-05-14 12:40:00-06:00,436281.1386069426
2020-05-14 12:45:00-06:00,429493.2712517698
2020-05-14 12:50:00-06:00,422682.05016805045
2020-05-14 12:55:00-06:00,415846.9619422157
2020-05-14 13:00:00-06:00,408987.65722559293
2020-05-14 13:05:00-06:00,402103.9285200564
2020-05-14 13:10:00-06:00,395195.7226007276
2020-05-14 13:15:00-06:00,388263.1266346874
2020-05-14 13:20:00-06:00,381306.3744700154
2020-05-14 13:25:00-06:00,374325.8264790633
2020-05-14 13:30:00-06:00,367321.9880366184
2020-05-14 13:35:00-06:00,360295.48326389084
2020-05-14 13:40:00-06:00,353247.0570404582
2020-05-14 13:45:00-06:00,346177.57734585856
2020-05-14 13:50:00-06:00,339088.01738283515
2020-05-14 13:55:00-06:00,331979.4599684364
2020-05-14 14:00:00-06:00,324853.081945423
2020-05-14 14:05:00-06:00,317710.16046499123
2020-05-14 14:10:00-06:00,310552.0551101228
2020-05-14 14:15:00-06:00,303380.21108765085
2020-05-14 14:20:00-06:00,296196.1495622368
2020-05-14 14:25:00-06:00,289001.46066376806
2020-05-14 14:30:00-06:00,281797.801782699
2020-05-14 14:35:00-06:00,274586.89682006487
2020-05-14 14:40:00-06:00,267370.5211173511
2020-05-14 14:45:00-06:00,260150.49726108278
2020-05-14 14:50:00-06:00,252928.7004827772
2020-05-14 14:55:00-06:00,245707.05393773405
2020-05-14 15:00:00-06:00,238487.51471300866
2020-05-14 15:05:00-06:00,233236.679777084
2020-05-14 15:10:00-06:00,227990.01611157408
2020-05-14 15:15:00-06:00,222749.64189252883
2020-05-14 15:20:00-06:00,217517.63718017688
2020-05-14 15:25:00-06:00,212296.0138579608
2020-05-14 15:30:00-06:00,207086.7447219678
2020-05-14 15:35:00-06:00,201891.73984138865
2020-05-14 15:40:00-06:00,196712.85369211386
2020-05-14 15:45:00-06:00,191551.88215125204
2020-05-14 15:50:00-06:00,186410.56676568813
2020-05-14 15:55:00-06:00,181290.5923292635
2020-05-14 16:00:00-06:00,176193.57502757513
2020-05-14 16:05:00-06:00,171121.08554523092
2020-05-14 16:10:00-06:00,166074.62843515546
2020-05-14 16:15:00-06:00,161055.65438051624
2020-05-14 16:20:00-06:00,156065.55429840597
2020-05-14 16:25:00-06:00,151105.66694855207
2020-05-14 16:30:00-06:00,146177.27099652833
2020-05-14 16:35:00-06:00,141281.59078259612
2020-05-14 16:40:00-06:00,136419.79933052912
2020-05-14 16:45:00-06:00,131593.01106794048
2020-05-14 16:50:00-06:00,126802.29131692054
2020-05-14 16:55:00-06:00,122048.65018415268
2020-05-14 17:00:00-06:00,117333.05140950174
2020-05-14 17:05:00-06:00,112656.40519931282
2020-05-14 17:10:00-06:00,108019.57701649058
2020-05-14 17:15:00-06:00,103423.38430343576
2020-05-14 17:20:00-06:00,98867.83720381896
2020-05-14 17:25:00-06:00,94346.13877796577
2020-05-14 17:30:00-06:00,89869.74068432408
2020-05-14 17:35:00-06:00,85439.31379860635
2020-05-14 17:40:00-06:00,81055.5772635531
2020-05-14 17:45:00-06:00,76719.3192931542
2020-05-14 17:50:00-06:00,72431.40894557706
2020-05-14 17:55:00-06:00,68192.82174829491
2020-05-14 18:00:00-06:00,64004.65726383051
2020-05-14 18:05:00-06:00,61550.01615903967
2020-05-14 18:10:00-06:00,59119.892637163815
2020-05-14 18:15:00-06:00,56714.11917355858
2020-05-14 18:20:00-06:00,54332.48810349493
2020-05-14 18:25:00-06:00,51974.758342847905
2020-05-14 18:30:00-06:00,49640.66496573116
2020-05-14 18:35:00-06:00,50662.740164113806
2020-05-14 18:40:00-06:00,53879.03772523255
2020-05-14 18:45:00-06:00,54163.39097151932
2020-05-14 18:50:00-06:00,53539.43928662187
2020-05-14 18:55:00-06:00,52402.31947721039
2020-05-14 19:00:00-06:00,50919.028481885856
2020-05-14 19:05:00-06:00,49179.88732056267
2020-05-14 19:10:00-06:00,47240.14128774945
2020-05-14 19:15:00-06:00,45134.07387528898
2020-05-14 19:20:00-06:00,42876.03943016816
2020-05-14 19:25:00-06:00,40445.70161411955
2020-05-14 19:30:00-06:00,37736.809902680994
2020-05-14 19:35:00-06:00,34403.109300149576
2020-05-14 19:40:00-06:00,29395.633302747305
2020-05-14 19:45:00-06:00,19592.204763436537
2020-05-14 19:50:00-06:00,-195.9
2020-05-14 19:55:00-06:00,-195.9
2020-05-14 20:00:00-06:00,-195.9
2020-05-14 20:05:00-06:00,-195.9
2020-05-14 20:10:00-06:00,0.0
2020-05-14 20:15:00-06:00,0.0
2020-05-14 20:20:00-06:00,0.0
2020-05-14 20:25:00-06:00,0.0
2020-05-14 20:30:00-06:00,0.0
2020-05-14 20:35:00-06:00,0.0
2020-05-14 20:40:00-06:00,0.0
2020-05-14 20:45:00-06:00,0.0
2020-05-14 20:50:00-06:00,0.0
2020-05-14 20:55:00-06:00,0.0
2020-05-14 21:00:00-06:00,0.0
2020-05-14 21:05:00-06:00,0.0
2020-05-14 21:10:00-06:00,0.0
2020-05-14 21:15:00-06:00,0.0
2020-05-14 21:20:00-06:00,0.0
2020-05-14 21:25:00-06:00,0.0
2020-05-14 21:30:00-06:00,0.0
2020-05-14 21:35:00-06:00,0.0
2020-05-14 21:40:00-06:00,0.0
2020-05-14 21:45:00-06:00,0.0
2020-05-14 21:50:00-06:00,0.0
2020-05-14 21:55:00-06:00,0.0
2020-05-14 22:00:00-06:00,0.0
2020-05-14 22:05:00-06:00,0.0
2020-05-14 22:10:00-06:00,0.0
2020-05-14 22:15:00-06:00,0.0
2020-05-14 22:20:00-06:00,0.0
2020-05-14 22:25:00-06:00,0.0
2020-05-14 22:30:00-06:00,0.0
2020-05-14 22:35:00-06:00,0.0
2020-05-14 22:40:00-06:00,0.0
2020-05-14 22:45:00-06:00,0.0
2020-05-14 22:50:00-06:00,0.0
2020-05-14 22:55:00-06:00,0.0
2020-05-14 23:00:00-06:00,0.0
2020-05-14 23:05:00-06:00,0.0
2020-05-14 23:10:00-06:00,0.0
2020-05-14 23:15:00-06:00,0.0
2020-05-14 23:20:00-06:00,0.0
2020-05-14 23:25:00-06:00,0.0
2020-05-14 23:30:00-06:00,0.0
2020-05-14 23:35:00-06:00,0.0
2020-05-14 23:40:00-06:00,0.0
2020-05-14 23:45:00-06:00,0.0
2020-05-14 23:50:00-06:00,0.0
2020-05-14 23:55:00-06:00,0.0
2020-05-15 00:00:00-06:00,0.0
2020-05-15 00:05:00-06:00,0.0
2020-05-15 00:10:00-06:00,0.0
2020-05-15 00:15:00-06:00,0.0
2020-05-15 00:20:00-06:00,0.0
2020-05-15 00:25:00-06:00,0.0
2020-05-15 00:30:00-06:00,0.0
2020-05-15 00:35:00-06:00,0.0
2020-05-15 00:40:00-06:00,0.0
2020-05-15 00:45:00-06:00,0.0
2020-05-15 00:50:00-06:00,0.0
2020-05-15 00:55:00-06:00,0.0
2020-05-15 01:00:00-06:00,0.0
2020-05-15 01:05:00-06:00,0.0
2020-05-15 01:10:00-06:00,0.0
2020-05-15 01:15:00-06:00,0.0
2020-05-15 01:20:00-06:00,0.0
2020-05-15 01:25:00-06:00,0.0
2020-05-15 01:30:00-06:00,0.0
2020-05-15 01:35:00-06:00,0.0
2020-05-15 01:40:00-06:00,0.0
2020-05-15 01:45:00-06:00,0.0
2020-05-15 01:50:00-06:00,0.0
2020-05-15 01:55:00-06:00,0.0
2020-05-15 02:00:00-06:00,0.0
2020-05-15 02:05:00-06:00,0.0
2020-05-15 02:10:00-06:00,0.0
2020-05-15 02:15:00-06:00,0.0
2020-05-15 02:20:00-06:00,0.0
2020-05-15 02:25:00-06:00,0.0
2020-05-15 02:30:00-06:00,0.0
2020-05-15 02:35:00-06:00,0.0
2020-05-15 02:40:00-06:00,0.0
2020-05-15 02:45:00-06:00,0.0
2020-05-15 02:50:00-06:00,0.0
2020-05-15 02:55:00-06:00,0.0
2020-05-15 03:00:00-06:00,0.0
2020-05-15 03:05:00-06:00,0.0
2020-05-15 03:10:00-06:00,0.0
2020-05-15 03:15:00-06:00,0.0
2020-05-15 03:20:00-06:00,0.0
2020-05-15 03:25:00-06:00,0.0
2020-05-15 03:30:00-06:00,0.0
2020-05-15 03:35:00-06:00,0.0
2020-05-15 03:40:00-06:00,0.0
2020-05-15 03:45:00-06:00,0.0
2020-05-15 03:50:00-06:00,0.0
2020-05-15 03:55:00-06:00,0.0
2020-05-15 04:00:00-06:00,0.0
2020-05-15 04:05:00-06:00,0.0
2020-05-15 04:10:00-06:00,0.0
2020-05-15 04:15:00-06:00,0.0
2020-05-15 04:20:00-06:00,0.0
2020-05-15 04:25:00-06:00,0.0
2020-05-15 04:30:00-06:00,0.0
2020-05-15 04:35:00-06:00,0.0
2020-05-15 04:40:00-06:00,0.0
2020-05-15 04:45:00-06:00,0.0
2020-05-15 04:50:00-06:00,0.0
2020-05-15 04:55:00-06:00,0.0
2020-05-15 05:00:00-06:00,0.0
2020-05-15 05:05:00-06:00,0.0
2020-05-15 05:10:00-06:00,0.0
2020-05-15 05:15:00-06:00,0.0
2020-05-15 05:20:00-06:00,0.0
2020-05-15 05:25:00-06:00,0.0
2020-05-15 05:30:00-06:00,0.0
2020-05-15 05:35:00-06:00,0.0
2020-05-15 05:40:00-06:00,0.0
2020-05-15 05:45:00-06:00,0.0
2020-05-15 05:50:00-06:00,-195.9
2020-05-15 05:55:00-06:00,-195.9
2020-05-15 06:00:00-06:00,-195.9
2020-05-15 06:05:00-06:00,-195.9
2020-05-15 06:10:00-06:00,6170.151422666167
2020-05-15 06:15:00-06:00,16645.45048066088
2020-05-15 06:20:00-06:00,29455.31396277482
2020-05-15 06:25:00-06:00,44500.04848578698
2020-05-15 06:30:00-06:00,61809.21960945335
2020-05-15 06:35:00-06:00,81345.74616109079
2020-05-15 06:40:00-06:00,103017.0068071149
2020-05-15 06:45:00-06:00,126713.71976095774
2020-05-15 06:50:00-06:00,152338.6965622845
2020-05-15 06:55:00-06:00,179816.53947495547
2020-05-15 07:00:00-06:00,209078.83397852766
2020-05-15 07:05:00-06:00,240013.110214411
2020-05-15 07:10:00-06:00,272343.16544862353
2020-05-15 07:15:00-06:00,305334.8831057371
2020-05-15 07:20:00-06:00,335605.73153676564
2020-05-15 07:25:00-06:00,356617.0943139921
2020-05-15 07:30:00-06:00,377375.4342580102
2020-05-15 07:35:00-06:00,397878.0996153497
2020-05-15 07:40:00-06:00,418124.8796426927
2020-05-15 07:45:00-06:00,438117.6522240371
2020-05-15 07:50:00-06:00,457860.1235690916
2020-05-15 07:55:00-06:00,477357.6094742566
2020-05-15 08:00:00-06:00,496616.88136391126
2020-05-15 08:05:00-06:00,515646.0282757302
2020-05-15 08:10:00-06:00,534454.3448317704
2020-05-15 08:15:00-06:00,553052.2233443705
2020-05-15 08:20:00-06:00,571451.0590447879
2020-05-15 08:25:00-06:00,589663.146353932
2020-05-15 08:30:00-06:00,607701.5803177643
2020-05-15 08:35:00-06:00,625580.1546183086
2020-05-15 08:40:00-06:00,641996.3028863786
2020-05-15 08:45:00-06:00,653000.0
2020-05-15 08:50:00-06:00,653000.0
2020-05-15 08:55:00-06:00,653000.0
2020-05-15 09:00:00-06:00,653000.0
2020-05-15 09:05:00-06:00,653000.0
2020-05-15 09:10:00-06:00,653000.0
2020-05-15 09:15:00-06:00,653000.0
2020-05-15 09:20:00-06:00,653000.0
2020-05-15 09:25:00-06:00,653000.0
2020-05-15 09:30:00-06:00,653000.0
2020-05-15 09:35:00-06:00,653000.0
2020-05-15 09:40:00-06:00,653000.0
2020-05-15 09:45:00-06:00,653000.0
2020-05-15 09:50:00-06:00,653000.0
2020-05-15 09:55:00-06:00,653000.0
2020-05-15 10:00:00-06:00,653000.0
2020-05-15 10:05:00-06:00,653000.0
2020-05-15 10:10:00-06:00,653000.0
2020-05-15 10:15:00-06:00,653000.0
2020-05-15 10:20:00-06:00,653000.0
2020-05-15 10:25:00-06:00,653000.0
2020-05-15 10:30:00-06:00,653000.0
2020-05-15 10:35:00-06:00,653000.0
2020-05-15 10:40:00-06:00,653000.0
2020-05-15 10:45:00-06:00,653000.0
2020-05-15 10:50:00-06:00,653000.0
2020-05-15 10:55:00-06:00,653000.0
2020-05-15 11:00:00-06:00,653000.0
2020-05-15 11:05:00-06:00,653000.0
2020-05-15 11:10:00-06:00,653000.0
2020-05-15 11:15:00-06:00,652980.0499568776
2020-05-15 11:20:00-06:00,652353.1225529012
2020-05-15 11:25:00-06:00,651829.1432912628
2020-05-15 11:30:00-06:00,651406.7731224993
2020-05-15 11:35:00-06:00,651084.271879787
2020-05-15 11:40:00-06:00,650859.4061528958
2020-05-15 11:45:00-06:00,650729.5050300997
2020-05-15 11:50:00-06:00,650691.4433266454
2020-05-15 11:55:00-06:00,650741.6588782769
2020-05-15 12:00:00-06:00,650876.1390025117
2020-05-15 12:05:00-06:00,639574.5393058031
2020-05-15 12:10:00-06:00,628337.6493155822
2020-05-15 12:15:00-06:00,617158.123069226
2020-05-15 12:20:00-06:00,606028.7477974374
2020-05-15 12:25:00-06:00,594942.398493044
2020-05-15 12:30:00-06:00,583892.0675503627
2020-05-15 12:35:00-06:00,572870.8461224213
2020-05-15 12:40:00-06:00,561871.959573487
2020-05-15 12:45:00-06:00,550888.7602527993
2020-05-15 12:50:00-06:00,539914.7406735051
2020-05-15 12:55:00-06:00,528943.5498537249
2020-05-15 13:00:00-06:00,517969.0092528427
2020-05-15 13:05:00-06:00,506985.0990751643
2020-05-15 13:10:00-06:00,495986.0036391963
2020-05-15 13:15:00-06:00,484966.1033002785
2020-05-15 13:20:00-06:00,473919.99189925287
2020-05-15 13:25:00-06:00,462842.4870273541
2020-05-15 13:30:00-06:00,451728.64858552004
2020-05-15 13:35:00-06:00,440573.78432329086
2020-05-15 13:40:00-06:00,429373.4640021197
2020-05-15 13:45:00-06:00,418123.53662253986
2020-05-15 13:50:00-06:00,406820.1132428066
2020-05-15 13:55:00-06:00,395459.64189544244
2020-05-15 14:00:00-06:00,384038.84118894377
2020-05-15 14:05:00-06:00,372554.7693123426
2020-05-15 14:10:00-06:00,361004.8074353613
2020-05-15 14:15:00-06:00,349386.6825310521
2020-05-15 14:20:00-06:00,337698.473094455
2020-05-15 14:25:00-06:00,325938.62310387666
2020-05-15 14:30:00-06:00,314105.9538941179
2020-05-15 14:35:00-06:00,302199.68071363564
2020-05-15 14:40:00-06:00,290219.4285649525
2020-05-15 14:45:00-06:00,278165.2337091032
2020-05-15 14:50:00-06:00,266037.5899300086
2020-05-15 14:55:00-06:00,253837.44984073855
2020-05-15 15:00:00-06:00,241566.26000071777
2020-05-15 15:05:00-06:00,236317.08256972954
2020-05-15 15:10:00-06:00,231077.05629138663
2020-05-15 15:15:00-06:00,225848.19360516345
2020-05-15 15:20:00-06:00,220632.44674219383
2020-05-15 15:25:00-06:00,215431.7163407353
2020-05-15 15:30:00-06:00,210247.84456681812
2020-05-15 15:35:00-06:00,205082.62155391678
2020-05-15 15:40:00-06:00,199937.77132620994
2020-05-15 15:45:00-06:00,194814.9675780443
2020-05-15 15:50:00-06:00,189715.8163076913
2020-05-15 15:55:00-06:00,184641.86554505196
2020-05-15 16:00:00-06:00,179594.60827422477
2020-05-15 16:05:00-06:00,174575.47083936684
2020-05-15 16:10:00-06:00,169585.8242494725
2020-05-15 16:15:00-06:00,164626.97656581868
2020-05-15 16:20:00-06:00,159700.18216187568
2020-05-15 16:25:00-06:00,154806.62934461626
2020-05-15 16:30:00-06:00,149947.45524975576
2020-05-15 16:35:00-06:00,145123.73326994485
2020-05-15 16:40:00-06:00,140336.47901414655
2020-05-15 16:45:00-06:00,135586.65543950885
2020-05-15 16:50:00-06:00,130875.16204164969
2020-05-15 16:55:00-06:00,126202.84554515617
2020-05-15 17:00:00-06:00,121570.49150495928
2020-05-15 17:05:00-06:00,116978.83447373929
2020-05-15 17:10:00-06:00,112428.54633175775
2020-05-15 17:15:00-06:00,107920.24984127338
2020-05-15 17:20:00-06:00,103450.93282355776
2020-05-15 17:25:00-06:00,99019.55562491166
2020-05-15 17:30:00-06:00,94634.12450931496
2020-05-15 17:35:00-06:00,90295.05653553705
2020-05-15 17:40:00-06:00,86002.79992956748
2020-05-15 17:45:00-06:00,81757.8370896849
2020-05-15 17:50:00-06:00,77560.70234732238
2020-05-15 17:55:00-06:00,73411.9864094865
2020-05-15 18:00:00-06:00,69312.36039155538
2020-05-15 18:05:00-06:00,66715.21123138651
2020-05-15 18:10:00-06:00,64140.47295073967
2020-05-15 18:15:00-06:00,61588.085702476346
2020-05-15 18:20:00-06:00,59057.93855456165
2020-05-15 18:25:00-06:00,56549.88321233714
2020-05-15 18:30:00-06:00,54063.73725299973
2020-05-15 18:35:00-06:00,51599.308578746495
2020-05-15 18:40:00-06:00,58013.288410319394
2020-05-15 18:45:00-06:00,58601.32765068694
2020-05-15 18:50:00-06:00,58075.97961836825
2020-05-15 18:55:00-06:00,56950.22608201169
2020-05-15 19:00:00-06:00,55426.799586278445
2020-05-15 19:05:00-06:00,53611.980470083996
2020-05-15 19:10:00-06:00,51569.79890868637
2020-05-15 19:15:00-06:00,49340.336506088155
2020-05-15 19:20:00-06:00,46943.01161709712
2020-05-15 19:25:00-06:00,44364.41561977102
2020-05-15 19:30:00-06:00,41512.9531353774
2020-05-15 19:35:00-06:00,38081.722770328626
2020-05-15 19:40:00-06:00,33138.38864749982
2020-05-15 19:45:00-06:00,23898.66220168558
2020-05-15 19:50:00-06:00,3364.1310354176726
2020-05-15 19:55:00-06:00,-195.9
2020-05-15 20:00:00-06:00,-195.9
2020-05-15 20:05:00-06:00,-195.9
2020-05-15 20:10:00-06:00,0.0
2020-05-15 20:15:00-06:00,0.0
2020-05-15 20:20:00-06:00,0.0
2020-05-15 20:25:00-06:00,0.0
2020-05-15 20:30:00-06:00,0.0
2020-05-15 20:35:00-06:00,0.0
2020-05-15 20:40:00-06:00,0.0
2020-05-15 20:45:00-06:00,0.0
2020-05-15 20:50:00-06:00,0.0
2020-05-15 20:55:00-06:00,0.0
2020-05-15 21:00:00-06:00,0.0
2020-05-15 21:05:00-06:00,0.0
2020-05-15 21:10:00-06:00,0.0
2020-05-15 21:15:00-06:00,0.0
2020-05-15 21:20:00-06:00,0.0
2020-05-15 21:25:00-06:00,0.0
2020-05-15 21:30:00-06:00,0.0
2020-05-15 21:35:00-06:00,0.0
2020-05-15 21:40:00-06:00,0.0
2020-05-15 21:45:00-06:00,0.0
2020-05-15 21:50:00-06:00,0.0
2020-05-15 21:55:00-06:00,0.0
2020-05-15 22:00:00-06:00,0.0
2020-05-15 22:05:00-06:00,0.0
2020-05-15 22:10:00-06:00,0.0
2020-05-15 22:15:00-06:00,0.0
2020-05-15 22:20:00-06:00,0.0
2020-05-15 22:25:00-06:00,0.0
2020-05-15 22:30:00-06:00,0.0
2020-05-15 22:35:00-06:00,0.0
2020-05-15 22:40:00-06:00,0.0
2020-05-15 22:45:00-06:00,0.0
2020-05-15 22:50:00-06:00,0.0
2020-05-15 22:55:00-06:00,0.0
2020-05-15 23:00:00-06:00,0.0
2020-05-15 23:05:00-06:00,0.0
2020-05-15 23:10:00-06:00,0.0
2020-05-15 23:15:00-06:00,0.0
2020-05-15 23:20:00-06:00,0.0
2020-05-15 23:25:00-06:00,0.0
2020-05-15 23:30:00-06:00,0.0
2020-05-15 23:35:00-06:00,0.0
2020-05-15 23:40:00-06:00,0.0
2020-05-15 23:45:00-06:00,0.0
2020-05-15 23:50:00-06:00,0.0
2020-05-15 23:55:00-06:00,0.0
2020-05-16 00:00:00-06:00,0.0
2020-05-16 00:05:00-06:00,0.0
2020-05-16 00:10:00-06:00,0.0
2020-05-16 00:15:00-06:00,0.0
2020-05-16 00:20:00-06:00,0.0
2020-05-16 00:25:00-06:00,0.0
2020-05-16 00:30:00-06:00,0.0
2020-05-16 00:35:00-06:00,0.0
2020-05-16 00:40:00-06:00,0.0
2020-05-16 00:45:00-06:00,0.0
2020-05-16 00:50:00-06:00,0.0
2020-05-16 00:55:00-06:00,0.0
2020-05-16 01:00:00-06:00,0.0
2020-05-16 01:05:00-06:00,0.0
2020-05-16 01:10:00-06:00,0.0
2020-05-16 01:15:00-06:00,0.0
2020-05-16 01:20:00-06:00,0.0
2020-05-16 01:25:00-06:00,0.0
2020-05-16 01:30:00-06:00,0.0
2020-05-16 01:35:00-06:00,0.0
2020-05-16 01:40:00-06:00,0.0
2020-05-16 01:45:00-06:00,0.0
2020-05-16 01:50:00-06:00,0.0
2020-05-16 01:55:00-06:00,0.0
2020-05-16 02:00:00-06:00,0.0
2020-05-16 02:05:00-06:00,0.0
2020-05-16 02:10:00-06:00,0.0
2020-05-16 02:15:00-06:00,0.0
2020-05-16 02:20:00-06:00,0.0
2020-05-16 02:25:00-06:00,0.0
2020-05-16 02:30:00-06:00,0.0
2020-05-16 02:35:00-06:00,0.0
2020-05-16 02:40:00-06:00,0.0
2020-05-16 02:45:00-06:00,0.0
2020-05-16 02:50:00-06:00,0.0
2020-05-16 02:55:00-06:00,0.0
2020-05-16 03:00:00-06:00,0.0
2020-05-16 03:05:00-06:00,0.0
2020-05-16 03:10:00-06:00,0.0
2020-05-16 03:15:00-06:00,0.0
2020-05-16 03:20:00-06:00,0.0
2020-05-16 03:25:00-06:00,0.0
2020-05-16 03:30:00-06:00,0.0
2020-05-16 03:35:00-06:00,0.0
2020-05-16 03:40:00-06:00,0.0
2020-05-16 03:45:00-06:00,0.0
2020-05-16 03:50:00-06:00,0.0
2020-05-16 03:55:00-06:00,0.0
2020-05-16 04:00:00-06:00,0.0
2020-05-16 04:05:00-06:00,0.0
2020-05-16 04:10:00-06:00,0.0
2020-05-16 04:15:00-06:00,0.0
2020-05-16 04:20:00-06:00,0.0
2020-05-16 04:25:00-06:00,0.0
2020-05-16 04:30:00-06:00,0.0
2020-05-16 04:35:00-06:00,0.0
2020-05-16 04:40:00-06:00,0.0
2020-05-16 04:45:00-06:00,0.0
2020-05-16 04:50:00-06:00,0.0
2020-05-16 04:55:00-06:00,0.0
2020-05-16 05:00:00-06:00,0.0
2020-05-16 05:05:00-06:00,0.0
2020-05-16 05:10:00-06:00,0.0
2020-05-16 05:15:00-06:00,0.0
2020-05-16 05:20:00-06:00,0.0
2020-05-16 05:25:00-06:00,0.0
2020-05-16 05:30:00-06:00,0.0
2020-05-16 05:35:00-06:00,0.0
2020-05-16 05:40:00-06:00,0.0
2020-05-16 05:45:00-06:00,0.0
2020-05-16 05:50:00-06:00,-195.9
2020-05-16 05:55:00-06:00,-195.9
2020-05-16 06:00:00-06:00,-195.9
2020-05-16 06:05:00-06:00,-195.9
2020-05-16 06:10:00-06:00,4206.997671944123
2020-05-16 06:15:00-06:00,9325.739956972711
2020-05-16 06:20:00-06:00,14359.98797556811
2020-05-16 06:25:00-06:00,19303.53631672126
2020-05-16 06:30:00-06:00,24208.720763352205
2020-05-16 06:35:00-06:00,29088.998281968426
2020-05-16 06:40:00-06:00,33926.896768132036
2020-05-16 06:45:00-06:00,38686.78249293964
2020-05-16 06:50:00-06:00,43320.251822599515
2020-05-16 06:55:00-06:00,47764.28193920114
2020-05-16 07:00:00-06:00,51931.10561811528
2020-05-16 07:05:00-06:00,55682.11013835308
2020-05-16 07:10:00-06:00,58753.14265661952
2020-05-16 07:15:00-06:00,60430.223409082
2020-05-16 07:20:00-06:00,57447.12219799967
2020-05-16 07:25:00-06:00,61965.20588357767
2020-05-16 07:30:00-06:00,66538.2382090123
2020-05-16 07:35:00-06:00,71164.65005456896
2020-05-16 07:40:00-06:00,75843.18235617045
2020-05-16 07:45:00-06:00,80572.81246072271
2020-05-16 07:50:00-06:00,85352.69694660348
2020-05-16 07:55:00-06:00,90182.12760101586
2020-05-16 08:00:00-06:00,95060.4987652901
2020-05-16 08:05:00-06:00,99987.27957120258
2020-05-16 08:10:00-06:00,104961.99125735472
2020-05-16 08:15:00-06:00,109984.19572381936
2020-05-16 08:20:00-06:00,115053.47411688666
2020-05-16 08:25:00-06:00,120169.42112318912
2020-05-16 08:30:00-06:00,125331.63455983398
2020-05-16 08:35:00-06:00,130539.70200865075
2020-05-16 08:40:00-06:00,135777.61951901697
2020-05-16 08:45:00-06:00,141049.26294609046
2020-05-16 08:50:00-06:00,146363.55992516773
2020-05-16 08:55:00-06:00,151719.6533271613
2020-05-16 09:00:00-06:00,157116.6374770899
2020-05-16 09:05:00-06:00,161309.5939022793
2020-05-16 09:10:00-06:00,165527.89565537672
2020-05-16 09:15:00-06:00,169770.79068747273
2020-05-16 09:20:00-06:00,174037.46833288055
2020-05-16 09:25:00-06:00,178327.0541360829
2020-05-16 09:30:00-06:00,182638.6187233569
2020-05-16 09:35:00-06:00,186971.16967730824
2020-05-16 09:40:00-06:00,191323.66117590756
2020-05-16 09:45:00-06:00,195694.98509168162
2020-05-16 09:50:00-06:00,200083.98170752145
2020-05-16 09:55:00-06:00,204489.43310019135
2020-05-16 10:00:00-06:00,208910.06004604508
2020-05-16 10:05:00-06:00,213344.5334310885
2020-05-16 10:10:00-06:00,217791.46206147523
2020-05-16 10:15:00-06:00,222249.40386265656
2020-05-16 10:20:00-06:00,226716.85708740092
2020-05-16 10:25:00-06:00,231192.2688629377
2020-05-16 10:30:00-06:00,235674.0261943983
2020-05-16 10:35:00-06:00,240160.47158943035
2020-05-16 10:40:00-06:00,244649.8916048763
2020-05-16 10:45:00-06:00,249140.51929092692
2020-05-16 10:50:00-06:00,253630.54584567103
2020-05-16 10:55:00-06:00,258118.1095422358
2020-05-16 11:00:00-06:00,262601.31333213585
2020-05-16 11:05:00-06:00,267078.2136112763
2020-05-16 11:10:00-06:00,271546.8343028622
2020-05-16 11:15:00-06:00,276005.1641988921
2020-05-16 11:20:00-06:00,280451.1637849569
2020-05-16 11:25:00-06:00,284882.77874164935
2020-05-16 11:30:00-06:00,289297.9235360638
2020-05-16 11:35:00-06:00,293694.51240625174
2020-05-16 11:40:00-06:00,298070.44289664977
2020-05-16 11:45:00-06:00,302423.6222103536
2020-05-16 11:50:00-06:00,306751.9591553277
2020-05-16 11:55:00-06:00,311053.37864343624
2020-05-16 12:00:00-06:00,315325.82784223446
2020-05-16 12:05:00-06:00,316608.5360129732
2020-05-16 12:10:00-06:00,317846.2126960239
2020-05-16 12:15:00-06:00,319038.3750614336
2020-05-16 12:20:00-06:00,320184.6148927773
2020-05-16 12:25:00-06:00,321284.599975254
2020-05-16 12:30:00-06:00,322338.0823718029
2020-05-16 12:35:00-06:00,323344.8878750837
2020-05-16 12:40:00-06:00,324304.94023105927
2020-05-16 12:45:00-06:00,325218.24116214726
2020-05-16 12:50:00-06:00,326084.8871156838
2020-05-16 12:55:00-06:00,326905.0655979628
2020-05-16 13:00:00-06:00,327679.047805974
2020-05-16 13:05:00-06:00,328407.2051508433
2020-05-16 13:10:00-06:00,329089.98703937733
2020-05-16 13:15:00-06:00,329727.9373085861
2020-05-16 13:20:00-06:00,330321.68932099664
2020-05-16 13:25:00-06:00,330871.9579319949
2020-05-16 13:30:00-06:00,331379.54443167575
2020-05-16 13:35:00-06:00,331845.31875991775
2020-05-16 13:40:00-06:00,332270.23790017114
2020-05-16 13:45:00-06:00,332655.3268147404
2020-05-16 13:50:00-06:00,333001.68156362645
2020-05-16 13:55:00-06:00,333310.46090508765
2020-05-16 14:00:00-06:00,333582.88369476737
2020-05-16 14:05:00-06:00,333820.2302715358
2020-05-16 14:10:00-06:00,334023.8238529885
2020-05-16 14:15:00-06:00,334195.042588507
2020-05-16 14:20:00-06:00,334335.3065090839
2020-05-16 14:25:00-06:00,334446.0805617494
2020-05-16 14:30:00-06:00,334528.86192559154
2020-05-16 14:35:00-06:00,334585.1770830979
2020-05-16 14:40:00-06:00,334616.5894439713
2020-05-16 14:45:00-06:00,334624.6949014103
2020-05-16 14:50:00-06:00,334611.1077232514
2020-05-16 14:55:00-06:00,334577.4670535754
2020-05-16 15:00:00-06:00,334525.44682048546
2020-05-16 15:05:00-06:00,331252.91318113595
2020-05-16 15:10:00-06:00,328021.7386620452
2020-05-16 15:15:00-06:00,324834.7381865143
2020-05-16 15:20:00-06:00,321694.55095017364
2020-05-16 15:25:00-06:00,318603.66280855716
2020-05-16 15:30:00-06:00,315564.41197313287
2020-05-16 15:35:00-06:00,312579.00015568506
2020-05-16 15:40:00-06:00,309649.504955254
2020-05-16 15:45:00-06:00,306777.903937538
2020-05-16 15:50:00-06:00,303966.06451811024
2020-05-16 15:55:00-06:00,301215.7865541056
2020-05-16 16:00:00-06:00,298528.81865901605
2020-05-16 16:05:00-06:00,295906.8705255276
2020-05-16 16:10:00-06:00,293351.6289562664
2020-05-16 16:15:00-06:00,290864.80796038645
2020-05-16 16:20:00-06:00,288448.15236680285
2020-05-16 16:25:00-06:00,286103.4701770892
2020-05-16 16:30:00-06:00,283832.667985817
2020-05-16 16:35:00-06:00,281637.7736647859
2020-05-16 16:40:00-06:00,279520.9697763223
2020-05-16 16:45:00-06:00,277484.6403211219
2020-05-16 16:50:00-06:00,275531.3757384674
2020-05-16 16:55:00-06:00,273664.03232794936
2020-05-16 17:00:00-06:00,271885.76977664937
2020-05-16 17:05:00-06:00,270200.0719714196
2020-05-16 17:10:00-06:00,268610.7842369882
2020-05-16 17:15:00-06:00,267122.1756172808
2020-05-16 17:20:00-06:00,265523.5038287844
2020-05-16 17:25:00-06:00,263878.22733419307
2020-05-16 17:30:00-06:00,262319.8856296135
2020-05-16 17:35:00-06:00,260848.108496075
2020-05-16 17:40:00-06:00,259462.30577047853
2020-05-16 17:45:00-06:00,258161.69564888874
2020-05-16 17:50:00-06:00,256945.29840714412
2020-05-16 17:55:00-06:00,255811.98039737082
2020-05-16 18:00:00-06:00,254760.47720923027
2020-05-16 18:05:00-06:00,247908.89692474355
2020-05-16 18:10:00-06:00,241039.3034953918
2020-05-16 18:15:00-06:00,234150.15003542783
2020-05-16 18:20:00-06:00,227240.26528773177
2020-05-16 18:25:00-06:00,220308.9157707134
2020-05-16 18:30:00-06:00,213355.89188258897
2020-05-16 18:35:00-06:00,206381.66953378104
2020-05-16 18:40:00-06:00,203972.5563277225
2020-05-16 18:45:00-06:00,194459.28827616374
2020-05-16 18:50:00-06:00,183522.97982831358
2020-05-16 18:55:00-06:00,172132.33039524723
2020-05-16 19:00:00-06:00,160628.03227701038
2020-05-16 19:05:00-06:00,149153.35587358224
2020-05-16 19:10:00-06:00,137775.65004948052
2020-05-16 19:15:00-06:00,126532.95742332467
2020-05-16 19:20:00-06:00,115447.68203981897
2020-05-16 19:25:00-06:00,104510.59224289615
2020-05-16 19:30:00-06:00,93611.57714225925
2020-05-16 19:35:00-06:00,82337.74031931417
2020-05-16 19:40:00-06:00,69398.85659359202
2020-05-16 19:45:00-06:00,50957.264945220304
2020-05-16 19:50:00-06:00,16366.802051682476
2020-05-16 19:55:00-06:00,-195.9
2020-05-16 20:00:00-06:00,-195.9
2020-05-16 20:05:00-06:00,-195.9
2020-05-16 20:10:00-06:00,0.0
2020-05-16 20:15:00-06:00,0.0
2020-05-16 20:20:00-06:00,0.0
2020-05-16 20:25:00-06:00,0.0
2020-05-16 20:30:00-06:00,0.0
2020-05-16 20:35:00-06:00,0.0
2020-05-16 20:40:00-06:00,0.0
2020-05-16 20:45:00-06:00,0.0
2020-05-16 20:50:00-06:00,0.0
2020-05-16 20:55:00-06:00,0.0
2020-05-16 21:00:00-06:00,0.0
2020-05-16 21:05:00-06:00,0.0
2020-05-16 21:10:00-06:00,0.0
2020-05-16 21:15:00-06:00,0.0
2020-05-16 21:20:00-06:00,0.0
2020-05-16 21:25:00-06:00,0.0
2020-05-16 21:30:00-06:00,0.0
2020-05-16 21:35:00-06:00,0.0
2020-05-16 21:40:00-06:00,0.0
2020-05-16 21:45:00-06:00,0.0
2020-05-16 21:50:00-06:00,0.0
2020-05-16 21:55:00-06:00,0.0
2020-05-16 22:00:00-06:00,0.0
2020-05-16 22:05:00-06:00,0.0
2020-05-16 22:10:00-06:00,0.0
2020-05-16 22:15:00-06:00,0.0
2020-05-16 22:20:00-06:00,0.0
2020-05-16 22:25:00-06:00,0.0
2020-05-16 22:30:00-06:00,0.0
2020-05-16 22:35:00-06:00,0.0
2020-05-16 22:40:00-06:00,0.0
2020-05-16 22:45:00-06:00,0.0
2020-05-16 22:50:00-06:00,0.0
2020-05-16 22:55:00-06:00,0.0
2020-05-16 23:00:00-06:00,0.0
2020-05-16 23:05:00-06:00,0.0
2020-05-16 23:10:00-06:00,0.0
2020-05-16 23:15:00-06:00,0.0
2020-05-16 23:20:00-06:00,0.0
2020-05-16 23:25:00-06:00,0.0
2020-05-16 23:30:00-06:00,0.0
2020-05-16 23:35:00-06:00,0.0
2020-05-16 23:40:00-06:00,0.0
2020-05-16 23:45:00-06:00,0.0
2020-05-16 23:50:00-06:00,0.0
2020-05-16 23:55:00-06:00,0.0
2020-05-17 00:00:00-06:00,0.0
2020-05-17 00:05:00-06:00,0.0
2020-05-17 00:10:00-06:00,0.0
2020-05-17 00:15:00-06:00,0.0
2020-05-17 00:20:00-06:00,0.0
2020-05-17 00:25:00-06:00,0.0
2020-05-17 00:30:00-06:00,0.0
2020-05-17 00:35:00-06:00,0.0
2020-05-17 00:40:00-06:00,0.0
2020-05-17 00:45:00-06:00,0.0
2020-05-17 00:50:00-06:00,0.0
2020-05-17 00:55:00-06:00,0.0
2020-05-17 01:00:00-06:00,0.0
2020-05-17 01:05:00-06:00,0.0
2020-05-17 01:10:00-06:00,0.0
2020-05-17 01:15:00-06:00,0.0
2020-05-17 01:20:00-06:00,0.0
2020-05-17 01:25:00-06:00,0.0
2020-05-17 01:30:00-06:00,0.0
2020-05-17 01:35:00-06:00,0.0
2020-05-17 01:40:00-06:00,0.0
2020-05-17 01:45:00-06:00,0.0
2020-05-17 01:50:00-06:00,0.0
2020-05-17 01:55:00-06:00,0.0
2020-05-17 02:00:00-06:00,0.0
2020-05-17 02:05:00-06:00,0.0
2020-05-17 02:10:00-06:00,0.0
2020-05-17 02:15:00-06:00,0.0
2020-05-17 02:20:00-06:00,0.0
2020-05-17 02:25:00-06:00,0.0
2020-05-17 02:30:00-06:00,0.0
2020-05-17 02:35:00-06:00,0.0
2020-05-17 02:40:00-06:00,0.0
2020-05-17 02:45:00-06:00,0.0
2020-05-17 02:50:00-06:00,0.0
2020-05-17 02:55:00-06:00,0.0
2020-05-17 03:00:00-06:00,0.0
2020-05-17 03:05:00-06:00,0.0
2020-05-17 03:10:00-06:00,0.0
2020-05-17 03:15:00-06:00,0.0
2020-05-17 03:20:00-06:00,0.0
2020-05-17 03:25:00-06:00,0.0
2020-05-17 03:30:00-06:00,0.0
2020-05-17 03:35:00-06:00,0.0
2020-05-17 03:40:00-06:00,0.0
2020-05-17 03:45:00-06:00,0.0
2020-05-17 03:50:00-06:00,0.0
2020-05-17 03:55:00-06:00,0.0
2020-05-17 04:00:00-06:00,0.0
2020-05-17 04:05:00-06:00,0.0
2020-05-17 04:10:00-06:00,0.0
2020-05-17 04:15:00-06:00,0.0
2020-05-17 04:20:00-06:00,0.0
2020-05-17 04:25:00-06:00,0.0
2020-05-17 04:30:00-06:00,0.0
2020-05-17 04:35:00-06:00,0.0
2020-05-17 04:40:00-06:00,0.0
2020-05-17 04:45:00-06:00,0.0
2020-05-17 04:50:00-06:00,0.0
2020-05-17 04:55:00-06:00,0.0
2020-05-17 05:00:00-06:00,0.0
2020-05-17 05:05:00-06:00,0.0
2020-05-17 05:10:00-06:00,0.0
2020-05-17 05:15:00-06:00,0.0
2020-05-17 05:20:00-06:00,0.0
2020-05-17 05:25:00-06:00,0.0
2020-05-17 05:30:00-06:00,0.0
2020-05-17 05:35:00-06:00,0.0
2020-05-17 05:40:00-06:00,0.0
2020-05-17 05:45:00-06:00,0.0
2020-05-17 05:50:00-06:00,-195.9
2020-05-17 05:55:00-06:00,-195.9
2020-05-17 06:00:00-06:00,-195.9
2020-05-17 06:05:00-06:00,-195.9
2020-05-17 06:10:00-06:00,8757.2998026314
2020-05-17 06:15:00-06:00,19349.95453609804
2020-05-17 06:20:00-06:00,31608.249335301007
2020-05-17 06:25:00-06:00,45489.30369278666
2020-05-17 06:30:00-06:00,61014.632775556354
2020-05-17 06:35:00-06:00,78148.59662924455
2020-05-17 06:40:00-06:00,96814.5738642597
2020-05-17 06:45:00-06:00,116924.50906905206
2020-05-17 06:50:00-06:00,138397.1492469748
2020-05-17 06:55:00-06:00,161159.28262392807
2020-05-17 07:00:00-06:00,185124.234039337
2020-05-17 07:05:00-06:00,210131.80168826552
2020-05-17 07:10:00-06:00,235798.19319918487
2020-05-17 07:15:00-06:00,261022.2530868379
2020-05-17 07:20:00-06:00,280099.30916442536
2020-05-17 07:25:00-06:00,298094.23294065223
2020-05-17 07:30:00-06:00,315929.0810735381
2020-05-17 07:35:00-06:00,333600.76676084514
2020-05-17 07:40:00-06:00,351108.1444937993
2020-05-17 07:45:00-06:00,368451.71682478534
2020-05-17 07:50:00-06:00,385633.40565071575
2020-05-17 07:55:00-06:00,402656.4024862259
2020-05-17 08:00:00-06:00,419525.0026493979
2020-05-17 08:05:00-06:00,436244.5463189033
2020-05-17 08:10:00-06:00,452821.29715332773
2020-05-17 08:15:00-06:00,469262.3713060908
2020-05-17 08:20:00-06:00,485575.6674783752
2020-05-17 08:25:00-06:00,501769.79540115106
2020-05-17 08:30:00-06:00,517853.98660200415
2020-05-17 08:35:00-06:00,533838.0488188326
2020-05-17 08:40:00-06:00,549365.3245926285
2020-05-17 08:45:00-06:00,564048.5011967404
2020-05-17 08:50:00-06:00,578597.80977763
2020-05-17 08:55:00-06:00,593010.6685406481
2020-05-17 09:00:00-06:00,607284.4129631165
2020-05-17 09:05:00-06:00,609009.1197510756
2020-05-17 09:10:00-06:00,610811.8469145433
2020-05-17 09:15:00-06:00,612686.1326549005
2020-05-17 09:20:00-06:00,614626.2238632523
2020-05-17 09:25:00-06:00,616627.0411296502
2020-05-17 09:30:00-06:00,618684.1263078306
2020-05-17 09:35:00-06:00,620793.644082984
2020-05-17 09:40:00-06:00,622952.290768328
2020-05-17 09:45:00-06:00,625157.274133169
2020-05-17 09:50:00-06:00,627406.2897685051
2020-05-17 09:55:00-06:00,629697.4546029618
2020-05-17 10:00:00-06:00,632029.2984719899
2020-05-17 10:05:00-06:00,634400.6960450762
2020-05-17 10:10:00-06:00,636810.8585789875
2020-05-17 10:15:00-06:00,639259.2711428208
2020-05-17 10:20:00-06:00,641745.7100785926
2020-05-17 10:25:00-06:00,644270.1415091975
2020-05-17 10:30:00-06:00,646832.7377448273
2020-05-17 10:35:00-06:00,649433.8355871545
2020-05-17 10:40:00-06:00,652073.9097825035
2020-05-17 10:45:00-06:00,653000.0
2020-05-17 10:50:00-06:00,653000.0
2020-05-17 10:55:00-06:00,653000.0
2020-05-17 11:00:00-06:00,653000.0
2020-05-17 11:05:00-06:00,653000.0
2020-05-17 11:10:00-06:00,653000.0
2020-05-17 11:15:00-06:00,653000.0
2020-05-17 11:20:00-06:00,653000.0
2020-05-17 11:25:00-06:00,653000.0
2020-05-17 11:30:00-06:00,653000.0
2020-05-17 11:35:00-06:00,653000.0
2020-05-17 11:40:00-06:00,653000.0
2020-05-17 11:45:00-06:00,653000.0
2020-05-17 11:50:00-06:00,653000.0
2020-05-17 11:55:00-06:00,653000.0
2020-05-17 12:00:00-06:00,653000.0
2020-05-17 12:05:00-06:00,653000.0
2020-05-17 12:10:00-06:00,653000.0
2020-05-17 12:15:00-06:00,653000.0
2020-05-17 12:20:00-06:00,653000.0
2020-05-17 12:25:00-06:00,653000.0
2020-05-17 12:30:00-06:00,653000.0
2020-05-17 12:35:00-06:00,653000.0
2020-05-17 12:40:00-06:00,653000.0
2020-05-17 12:45:00-06:00,653000.0
2020-05-17 12:50:00-06:00,653000.0
2020-05-17 12:55:00-06:00,653000.0
2020-05-17 13:00:00-06:00,653000.0
2020-05-17 13:05:00-06:00,653000.0
2020-05-17 13:10:00-06:00,653000.0
2020-05-17 13:15:00-06:00,653000.0
2020-05-17 13:20:00-06:00,653000.0
2020-05-17 13:25:00-06:00,653000.0
2020-05-17 13:30:00-06:00,653000.0
2020-05-17 13:35:00-06:00,653000.0
2020-05-17 13:40:00-06:00,653000.0
2020-05-17 13:45:00-06:00,653000.0
2020-05-17 13:50:00-06:00,653000.0
2020-05-17 13:55:00-06:00,653000.0
2020-05-17 14:00:00-06:00,653000.0
2020-05-17 14:05:00-06:00,653000.0
2020-05-17 14:10:00-06:00,653000.0
2020-05-17 14:15:00-06:00,653000.0
2020-05-17 14:20:00-06:00,653000.0
2020-05-17 14:25:00-06:00,653000.0
2020-05-17 14:30:00-06:00,653000.0
2020-05-17 14:35:00-06:00,653000.0
2020-05-17 14:40:00-06:00,653000.0
2020-05-17 14:45:00-06:00,653000.0
2020-05-17 14:50:00-06:00,653000.0
2020-05-17 14:55:00-06:00,653000.0
2020-05-17 15:00:00-06:00,653000.0
2020-05-17 15:05:00-06:00,653000.0
2020-05-17 15:10:00-06:00,653000.0
2020-05-17 15:15:00-06:00,646470.0426379276
2020-05-17 15:20:00-06:00,637034.970585758
2020-05-17 15:25:00-06:00,627522.4036983466
2020-05-17 15:30:00-06:00,617929.5665713943
2020-05-17 15:35:00-06:00,608254.081773963
2020-05-17 15:40:00-06:00,598493.9485428223
2020-05-17 15:45:00-06:00,588647.5121168068
2020-05-17 15:50:00-06:00,578713.4665899931
2020-05-17 15:55:00-06:00,568690.9013383121
2020-05-17 16:00:00-06:00,558579.2401476755
2020-05-17 16:05:00-06:00,548378.2645812493
2020-05-17 16:10:00-06:00,538088.088117069
2020-05-17 16:15:00-06:00,527709.1224556044
2020-05-17 16:20:00-06:00,517242.1333007186
2020-05-17 16:25:00-06:00,506688.1039034027
2020-05-17 16:30:00-06:00,496048.3358395227
2020-05-17 16:35:00-06:00,485324.3053527045
2020-05-17 16:40:00-06:00,474517.68805290665
2020-05-17 16:45:00-06:00,463630.335855419
2020-05-17 16:50:00-06:00,452664.1711126288
2020-05-17 16:55:00-06:00,441621.2073346465
2020-05-17 17:00:00-06:00,430503.43156263133
2020-05-17 17:05:00-06:00,419312.7872964293
2020-05-17 17:10:00-06:00,408051.0982067414
2020-05-17 17:15:00-06:00,396719.9884199807
2020-05-17 17:20:00-06:00,384708.2770252544
2020-05-17 17:25:00-06:00,372565.32493581885
2020-05-17 17:30:00-06:00,360379.8011383467
2020-05-17 17:35:00-06:00,348145.06650350726
2020-05-17 17:40:00-06:00,335854.8901165993
2020-05-17 17:45:00-06:00,323503.4967458818
2020-05-17 17:50:00-06:00,311085.5961191935
2020-05-17 17:55:00-06:00,298596.4028244607
2020-05-17 18:00:00-06:00,286031.7001849445
2020-05-17 18:05:00-06:00,278306.7352280014
2020-05-17 18:10:00-06:00,270564.7141045064
2020-05-17 18:15:00-06:00,262803.8071152959
2020-05-17 18:20:00-06:00,255022.63817167666
2020-05-17 18:25:00-06:00,247220.36063509062
2020-05-17 18:30:00-06:00,239396.78164489527
2020-05-17 18:35:00-06:00,231552.49027773133
2020-05-17 18:40:00-06:00,226728.87854588704
2020-05-17 18:45:00-06:00,215055.9725456586
2020-05-17 18:50:00-06:00,201824.8621989529
2020-05-17 18:55:00-06:00,188206.18280666598
2020-05-17 19:00:00-06:00,174587.56157392843
2020-05-17 19:05:00-06:00,161122.69682474594
2020-05-17 19:10:00-06:00,147877.53985238072
2020-05-17 19:15:00-06:00,134886.64670276508
2020-05-17 19:20:00-06:00,122172.45973037704
2020-05-17 19:25:00-06:00,109735.12812810655
2020-05-17 19:30:00-06:00,97495.20048812291
2020-05-17 19:35:00-06:00,85125.42091470484
2020-05-17 19:40:00-06:00,71580.38972595976
2020-05-17 19:45:00-06:00,53754.512972488395
2020-05-17 19:50:00-06:00,22934.552641251164
2020-05-17 19:55:00-06:00,-195.9
2020-05-17 20:00:00-06:00,-195.9
2020-05-17 20:05:00-06:00,-195.9
2020-05-17 20:10:00-06:00,0.0
2020-05-17 20:15:00-06:00,0.0
2020-05-17 20:20:00-06:00,0.0
2020-05-17 20:25:00-06:00,0.0
2020-05-17 20:30:00-06:00,0.0
2020-05-17 20:35:00-06:00,0.0
2020-05-17 20:40:00-06:00,0.0
2020-05-17 20:45:00-06:00,0.0
2020-05-17 20:50:00-06:00,0.0
2020-05-17 20:55:00-06:00,0.0
2020-05-17 21:00:00-06:00,0.0
2020-05-17 21:05:00-06:00,0.0
2020-05-17 21:10:00-06:00,0.0
2020-05-17 21:15:00-06:00,0.0
2020-05-17 21:20:00-06:00,0.0
2020-05-17 21:25:00-06:00,0.0
2020-05-17 21:30:00-06:00,0.0
2020-05-17 21:35:00-06:00,0.0
2020-05-17 21:40:00-06:00,0.0
2020-05-17 21:45:00-06:00,0.0
2020-05-17 21:50:00-06:00,0.0
2020-05-17 21:55:00-06:00,0.0
2020-05-17 22:00:00-06:00,0.0
2020-05-17 22:05:00-06:00,0.0
2020-05-17 22:10:00-06:00,0.0
2020-05-17 22:15:00-06:00,0.0
2020-05-17 22:20:00-06:00,0.0
2020-05-17 22:25:00-06:00,0.0
2020-05-17 22:30:00-06:00,0.0
2020-05-17 22:35:00-06:00,0.0
2020-05-17 22:40:00-06:00,0.0
2020-05-17 22:45:00-06:00,0.0
2020-05-17 22:50:00-06:00,0.0
2020-05-17 22:55:00-06:00,0.0
2020-05-17 23:00:00-06:00,0.0
2020-05-17 23:05:00-06:00,0.0
2020-05-17 23:10:00-06:00,0.0
2020-05-17 23:15:00-06:00,0.0
2020-05-17 23:20:00-06:00,0.0
2020-05-17 23:25:00-06:00,0.0
2020-05-17 23:30:00-06:00,0.0
2020-05-17 23:35:00-06:00,0.0
2020-05-17 23:40:00-06:00,0.0
2020-05-17 23:45:00-06:00,0.0
2020-05-17 23:50:00-06:00,0.0
2020-05-17 23:55:00-06:00,0.0
2020-05-18 00:00:00-06:00,0.0
