,ghi,dni,dhi
2020-05-22 06:00:00-06:00,0.018064833716962176,0.0,0.018064833716962176
2020-05-22 06:05:00-06:00,0.47659951660999733,0.0,0.47659951660999733
2020-05-22 06:10:00-06:00,2.12609070864751,0.0,2.12609070864751
2020-05-22 06:15:00-06:00,5.680334133559948,0.0,5.680334133559948
2020-05-22 06:20:00-06:00,11.43078544740229,0.0,11.43078544740229
2020-05-22 06:25:00-06:00,19.297642361800147,0.0,19.297642361800147
2020-05-22 06:30:00-06:00,29.021068288796993,0.0,29.021068288796993
2020-05-22 06:35:00-06:00,40.2980389893655,42.81908119128212,35.70497863228131
2020-05-22 06:40:00-06:00,52.84646959627651,86.71607244759899,42.102058571663136
2020-05-22 06:45:00-06:00,66.42613163894232,131.3990289708912,47.954496713170634
2020-05-22 06:50:00-06:00,80.84015923235245,176.0683932261346,53.14835764413771
2020-05-22 06:55:00-06:00,95.92963679953908,219.6642099270024,57.70774653919803
2020-05-22 07:00:00-06:00,111.56657484496145,261.3730590642272,61.713052301846524
2020-05-22 07:05:00-06:00,127.64750702817472,300.6982346718431,65.25939656280175
2020-05-22 07:10:00-06:00,144.08811002697928,337.3964644346118,68.43883068675956
2020-05-22 07:15:00-06:00,160.81898165280305,371.3977605135935,71.33401885655218
2020-05-22 07:20:00-06:00,177.78231872469036,402.74082168673795,74.01685176625651
2020-05-22 07:25:00-06:00,194.92949822662223,431.5287803400108,76.54886627390185
2020-05-22 07:30:00-06:00,212.219007084292,457.8990179821453,78.98239841335507
2020-05-22 07:35:00-06:00,229.6150561222497,482.0052855702094,81.36167683462625
2020-05-22 07:40:00-06:00,247.0863829264729,504.00602608415437,83.72392179472396
2020-05-22 07:45:00-06:00,264.6054771339636,524.0582797828464,86.10015779466642
2020-05-22 07:50:00-06:00,282.14773622466714,542.3127196929978,88.51617174788896
2020-05-22 07:55:00-06:00,299.6910185937217,558.6940417107305,91.07454468618053
2020-05-22 08:00:00-06:00,317.21520838309925,575.114579676417,93.10997656867843
2020-05-22 08:05:00-06:00,334.7018175227813,592.5987189067465,94.19493984975813
2020-05-22 08:10:00-06:00,352.1338928627849,609.247477504026,95.0715085923618
2020-05-22 08:15:00-06:00,369.495544456514,624.29813507493,96.10775732691462
2020-05-22 08:20:00-06:00,386.7719408811189,637.571650504119,97.45629537388504
2020-05-22 08:25:00-06:00,403.94907241713855,649.1502068340574,99.15849649600273
2020-05-22 08:30:00-06:00,421.0138200396953,659.2105750217348,101.20466062686472
2020-05-22 08:35:00-06:00,437.95359021370064,667.9441919892776,103.56630007777437
2020-05-22 08:40:00-06:00,454.75640604291056,675.5262145224115,106.21120448410238
2020-05-22 08:45:00-06:00,471.4108138941106,682.1057445935339,109.10993463606985
2020-05-22 08:50:00-06:00,487.90575229370234,687.8056913902392,112.23790955894947
2020-05-22 08:55:00-06:00,504.2307585832939,692.7273364209319,115.57514506527912
2020-05-22 09:00:00-06:00,520.375566242973,696.9532011920951,119.10593477543313
2020-05-22 09:05:00-06:00,536.624711283777,701.6904957644425,122.43998292747864
2020-05-22 09:10:00-06:00,552.6918491688165,705.8924671765236,125.90895067911453
2020-05-22 09:15:00-06:00,568.567347217572,709.6101165311456,129.5018424627017
2020-05-22 09:20:00-06:00,584.2418331445073,712.8869489454555,133.20924130991244
2020-05-22 09:25:00-06:00,599.7063806768257,715.7615214077049,137.02243787118874
2020-05-22 09:30:00-06:00,614.9520964324499,718.2671799715724,140.9335710017096
2020-05-22 09:35:00-06:00,629.9702936310466,720.433772554002,144.9350573161658
2020-05-22 09:40:00-06:00,644.7527333678727,722.289186749446,149.0190410108762
2020-05-22 09:45:00-06:00,659.291071494742,723.8579532894288,153.1779956981136
2020-05-22 09:50:00-06:00,673.5774815759726,725.1638422651134,157.40374405980413
2020-05-22 09:55:00-06:00,687.6040152329771,726.2279165632699,161.6883164159267
2020-05-22 10:00:00-06:00,701.363235615148,727.0710226658758,166.02295700451202
2020-05-22 10:05:00-06:00,714.847657278728,727.7119617897894,170.39897215005885
2020-05-22 10:10:00-06:00,728.0499680604353,728.1684700380121,174.80737343341707
2020-05-22 10:15:00-06:00,740.9633097383686,728.4582349860049,179.23846076386758
2020-05-22 10:20:00-06:00,753.580741148553,728.5971942031391,183.68266287269262
2020-05-22 10:25:00-06:00,765.8955049727326,728.6004836841222,188.13017451688938
2020-05-22 10:30:00-06:00,777.9012951686628,728.4834332211733,192.570509118117
2020-05-22 10:35:00-06:00,789.591624298736,728.2594520444804,196.99360309376618
2020-05-22 10:40:00-06:00,800.9605618128716,727.9425543184834,201.38860895553728
2020-05-22 10:45:00-06:00,812.0020731378692,727.5452040476217,205.74503619430482
2020-05-22 10:50:00-06:00,822.7103076214578,727.0792711720957,210.05233494202457
2020-05-22 10:55:00-06:00,833.0798884709337,726.5570356933232,214.2993975760785
2020-05-22 11:00:00-06:00,843.1053347524482,725.9892737866606,218.475634202538
2020-05-22 11:05:00-06:00,852.7813408603151,725.3862315779372,222.5705108640285
2020-05-22 11:10:00-06:00,862.1030993656003,724.758639573505,226.57302839057013
2020-05-22 11:15:00-06:00,871.0655752917337,724.1154125742191,230.47304938665036
2020-05-22 11:20:00-06:00,879.6643403652683,723.4663158131066,234.25984871772096
2020-05-22 11:25:00-06:00,887.8947370902538,722.8193008128094,237.92367309880376
2020-05-22 11:30:00-06:00,895.7527182350061,722.1832049736657,241.4542293717459
2020-05-22 11:35:00-06:00,903.2341145571794,721.5653932445349,244.8420965894179
2020-05-22 11:40:00-06:00,910.3349422034681,720.9727724476187,248.07818131581973
2020-05-22 11:45:00-06:00,917.051742422479,720.412835174423,251.15312558252924
2020-05-22 11:50:00-06:00,923.3809217995607,719.8916014477201,254.0585734814822
2020-05-22 11:55:00-06:00,929.3190836205881,719.4146462216142,256.7866011100315
2020-05-22 12:00:00-06:00,934.8633593193122,718.9881559787043,259.3290913968949
2020-05-22 12:05:00-06:00,939.6690527729538,717.5511671809763,262.34328519338703
2020-05-22 12:10:00-06:00,944.0719545381712,716.1673125756221,265.16992976032327
2020-05-22 12:15:00-06:00,948.0697861300689,714.8410289066112,267.80178187757974
2020-05-22 12:20:00-06:00,951.6608145488731,713.57738600682,270.2314611951557
2020-05-22 12:25:00-06:00,954.8435112386276,712.3810360688058,272.45212652255793
2020-05-22 12:30:00-06:00,957.616210906054,711.2551414652709,274.4581870514314
2020-05-22 12:35:00-06:00,959.9777951304676,710.2035108524796,276.2439666022268
2020-05-22 12:40:00-06:00,961.9273537490019,709.229535653443,277.80439568700353
2020-05-22 12:45:00-06:00,963.4638343373382,708.3351137314398,279.13572081243274
2020-05-22 12:50:00-06:00,964.5868531464383,707.5231578779628,280.23390982742944
2020-05-22 12:55:00-06:00,965.2957685687719,706.7947282638721,281.096506005008
2020-05-22 13:00:00-06:00,965.5906076618515,706.1519057313399,281.72078742327903
2020-05-22 13:05:00-06:00,965.4711388202227,705.5949170715711,282.10562778912265
2020-05-22 13:10:00-06:00,964.9376834791809,705.1246528526095,282.24987607366756
2020-05-22 13:15:00-06:00,963.9907676322333,704.7415884194747,282.1530555027549
2020-05-22 13:20:00-06:00,962.6307740038529,704.4447037899508,281.81606077057916
2020-05-22 13:25:00-06:00,960.8586373166495,704.233642201478,281.23976207911244
2020-05-22 13:30:00-06:00,958.6754964837326,704.1076281174331,280.425700956891
2020-05-22 13:35:00-06:00,956.0823471293021,704.0643906856958,279.376772399443
2020-05-22 13:40:00-06:00,953.0808496868963,704.1026740322045,278.0956044435411
2020-05-22 13:45:00-06:00,949.6724084446897,704.2193683161489,276.58638428380914
2020-05-22 13:50:00-06:00,945.858973652341,704.4120157535099,274.8532400107232
2020-05-22 13:55:00-06:00,941.6426976486442,704.6777313434104,272.9009185929218
2020-05-22 14:00:00-06:00,937.0255909789516,705.0121395498477,270.7354313560836
2020-05-22 14:05:00-06:00,932.0102082652506,705.411504990265,268.36268955008984
2020-05-22 14:10:00-06:00,926.5992989278898,705.8716603100243,265.78916013868445
2020-05-22 14:15:00-06:00,920.7954778844487,706.3869520562607,263.02248997095705
2020-05-22 14:20:00-06:00,914.6020023464016,706.952700857994,260.0699526548186
2020-05-22 14:25:00-06:00,908.0218818859827,707.562392781694,256.9401489920592
2020-05-22 14:30:00-06:00,901.0587653488327,708.2104701931677,253.64126863343847
2020-05-22 14:35:00-06:00,893.7160544638332,708.889547340266,250.1827425956816
2020-05-22 14:40:00-06:00,885.9976758640126,709.5928322904495,246.57374762087932
2020-05-22 14:45:00-06:00,877.9077408854581,710.313076597525,242.82380548432093
2020-05-22 14:50:00-06:00,869.4502371616403,711.041554774819,238.94333480462467
2020-05-22 14:55:00-06:00,860.6296577923674,711.77010302951,234.94241281110328
2020-05-22 15:00:00-06:00,851.4506851374066,712.4900786679351,230.83135432054712
2020-05-22 15:05:00-06:00,840.5315357585994,708.683316147056,229.12413575271455
2020-05-22 15:10:00-06:00,829.2956455419534,704.9156580548004,227.2250970760482
2020-05-22 15:15:00-06:00,817.7498699977102,701.1838331229105,225.1384298133985
2020-05-22 15:20:00-06:00,805.9011120948713,697.4837432636423,222.86897788379417
2020-05-22 15:25:00-06:00,793.7567240979527,693.811712300426,220.421553936304
2020-05-22 15:30:00-06:00,781.3239019465677,690.162485216944,217.80198545573546
2020-05-22 15:35:00-06:00,768.6100905199488,686.5304479082431,215.01644120196852
2020-05-22 15:40:00-06:00,755.6228704868904,682.9091986099655,212.07163543077252
2020-05-22 15:45:00-06:00,742.3699685133075,679.2914080456899,208.97488536021478
2020-05-22 15:50:00-06:00,728.8592448104328,675.6686371512895,205.73418097995773
2020-05-22 15:55:00-06:00,715.0986961765201,672.031095593503,202.35829061522884
2020-05-22 16:00:00-06:00,701.0964599934207,668.3673262071724,198.85690236058065
2020-05-22 16:05:00-06:00,686.860801641508,664.6637955273502,195.24080198755166
2020-05-22 16:10:00-06:00,672.4000442878333,660.9040857593961,191.52223286736995
2020-05-22 16:15:00-06:00,657.7228900384138,657.0693256445813,187.71471169899348
2020-05-22 16:20:00-06:00,642.8379295203963,653.13564480292,183.8341309511169
2020-05-22 16:25:00-06:00,627.7539668778877,649.0742005686087,179.8987170327078
2020-05-22 16:30:00-06:00,612.479951212019,644.8495302943398,175.92969808472708
2020-05-22 16:35:00-06:00,597.0249661932065,640.41788015476,171.95191746673305
2020-05-22 16:40:00-06:00,581.3982390319022,635.7252090597806,167.99451382533277
2020-05-22 16:45:00-06:00,565.6091510474561,630.7048896271419,164.09160987554884
2020-05-22 16:50:00-06:00,549.6672298679686,625.2752047933834,160.28290426073863
2020-05-22 16:55:00-06:00,533.5821726150687,619.3368908186335,156.61400696204277
2020-05-22 17:00:00-06:00,517.3637737280566,612.7709794745531,153.1362752731102
2020-05-22 17:05:00-06:00,501.0222157672588,605.439324587147,149.90521244033266
2020-05-22 17:10:00-06:00,484.56766890067934,597.185789142017,146.9778276549756
2020-05-22 17:15:00-06:00,468.01059130197973,587.8456089647186,144.40624988972843
2020-05-22 17:20:00-06:00,451.3616675961042,577.2635444668558,142.22710808588482
2020-05-22 17:25:00-06:00,434.63183948244756,565.3287171183665,140.4439599548228
2020-05-22 17:30:00-06:00,417.83234173303003,552.035066321431,139.00002655268742
2020-05-22 17:35:00-06:00,400.97472293337813,537.5794044341948,137.73822866884
2020-05-22 17:40:00-06:00,384.07090574453326,522.5105097242943,136.34643839514365
2020-05-22 17:45:00-06:00,367.13322189436883,510.05026030390496,133.32147570270547
2020-05-22 17:50:00-06:00,350.17449285147313,498.7456506117594,129.43350402772649
2020-05-22 17:55:00-06:00,333.20808954066865,486.70331846311814,125.5507432421883
2020-05-22 18:00:00-06:00,316.2480030044316,473.85090076323235,121.67391175407704
2020-05-22 18:05:00-06:00,296.196495442392,445.1077067521346,120.60778557554107
2020-05-22 18:10:00-06:00,276.5218332134506,416.4876414794577,118.98233619345979
2020-05-22 18:15:00-06:00,257.2411047286828,387.94421783857723,116.82662181755171
2020-05-22 18:20:00-06:00,238.3720440774531,359.4332128984343,114.16745044583625
2020-05-22 18:25:00-06:00,219.93298653430455,330.9135504354714,111.02918984308013
2020-05-22 18:30:00-06:00,201.94334921682454,302.3515526148713,107.43315923013786
2020-05-22 18:35:00-06:00,184.4237002012389,273.72390487556254,103.39740912785221
2020-05-22 18:40:00-06:00,167.39628012888457,245.02417096993236,98.93627979568494
2020-05-22 18:45:00-06:00,150.88541385010737,216.27003496460674,94.06030922684019
2020-05-22 18:50:00-06:00,134.91812658391788,187.51318367629284,88.77644031358841
2020-05-22 18:55:00-06:00,119.52488857568721,158.85078234556164,83.08898296261253
2020-05-22 19:00:00-06:00,104.74068211662768,130.4378494904009,77.0018623174234
2020-05-22 19:05:00-06:00,90.60628744700449,102.49515092003386,70.52320299191031
2020-05-22 19:10:00-06:00,77.16990475908928,75.3015681392643,63.67379972759528
2020-05-22 19:15:00-06:00,64.48935564624915,49.14774873328454,56.5016637386697
2020-05-22 19:20:00-06:00,52.634714987025376,24.20096225947975,49.10525338674741
2020-05-22 19:25:00-06:00,41.69141594532526,0.19417739674623843,41.66633165905675
2020-05-22 19:30:00-06:00,31.763578692258328,0.0,31.763578692258328
2020-05-22 19:35:00-06:00,22.976296006152765,0.0,22.976296006152765
2020-05-22 19:40:00-06:00,15.47436898706318,0.0,15.47436898706318
2020-05-22 19:45:00-06:00,9.411136556748176,0.0,9.411136556748176
2020-05-22 19:50:00-06:00,4.915423785809114,0.0,4.915423785809114
2020-05-22 19:55:00-06:00,2.019767905520102,0.0,2.019767905520102
2020-05-22 20:00:00-06:00,0.5497131912027587,0.0,0.5497131912027587
2020-05-22 20:05:00-06:00,0.057967977354525205,0.0,0.057967977354525205
2020-05-22 20:10:00-06:00,0.0,0.0,0.0
2020-05-22 20:15:00-06:00,0.0,0.0,0.0
2020-05-22 20:20:00-06:00,0.0,0.0,0.0
2020-05-22 20:25:00-06:00,0.0,0.0,0.0
2020-05-22 20:30:00-06:00,0.0,0.0,0.0
2020-05-22 20:35:00-06:00,0.0,0.0,0.0
2020-05-22 20:40:00-06:00,0.0,0.0,0.0
2020-05-22 20:45:00-06:00,0.0,0.0,0.0
2020-05-22 20:50:00-06:00,0.0,0.0,0.0
2020-05-22 20:55:00-06:00,0.0,0.0,0.0
2020-05-22 21:00:00-06:00,0.0,0.0,0.0
2020-05-22 21:05:00-06:00,0.0,0.0,0.0
2020-05-22 21:10:00-06:00,0.0,0.0,0.0
2020-05-22 21:15:00-06:00,0.0,0.0,0.0
2020-05-22 21:20:00-06:00,0.0,0.0,0.0
2020-05-22 21:25:00-06:00,0.0,0.0,0.0
2020-05-22 21:30:00-06:00,0.0,0.0,0.0
2020-05-22 21:35:00-06:00,0.0,0.0,0.0
2020-05-22 21:40:00-06:00,0.0,0.0,0.0
2020-05-22 21:45:00-06:00,0.0,0.0,0.0
2020-05-22 21:50:00-06:00,0.0,0.0,0.0
2020-05-22 21:55:00-06:00,0.0,0.0,0.0
2020-05-22 22:00:00-06:00,0.0,0.0,0.0
2020-05-22 22:05:00-06:00,0.0,0.0,0.0
2020-05-22 22:10:00-06:00,0.0,0.0,0.0
2020-05-22 22:15:00-06:00,0.0,0.0,0.0
2020-05-22 22:20:00-06:00,0.0,0.0,0.0
2020-05-22 22:25:00-06:00,0.0,0.0,0.0
2020-05-22 22:30:00-06:00,0.0,0.0,0.0
2020-05-22 22:35:00-06:00,0.0,0.0,0.0
2020-05-22 22:40:00-06:00,0.0,0.0,0.0
2020-05-22 22:45:00-06:00,0.0,0.0,0.0
2020-05-22 22:50:00-06:00,0.0,0.0,0.0
2020-05-22 22:55:00-06:00,0.0,0.0,0.0
2020-05-22 23:00:00-06:00,0.0,0.0,0.0
2020-05-22 23:05:00-06:00,0.0,0.0,0.0
2020-05-22 23:10:00-06:00,0.0,0.0,0.0
2020-05-22 23:15:00-06:00,0.0,0.0,0.0
2020-05-22 23:20:00-06:00,0.0,0.0,0.0
2020-05-22 23:25:00-06:00,0.0,0.0,0.0
2020-05-22 23:30:00-06:00,0.0,0.0,0.0
2020-05-22 23:35:00-06:00,0.0,0.0,0.0
2020-05-22 23:40:00-06:00,0.0,0.0,0.0
2020-05-22 23:45:00-06:00,0.0,0.0,0.0
2020-05-22 23:50:00-06:00,0.0,0.0,0.0
2020-05-22 23:55:00-06:00,0.0,0.0,0.0
2020-05-23 00:00:00-06:00,0.0,0.0,0.0
2020-05-23 00:05:00-06:00,0.0,0.0,0.0
2020-05-23 00:10:00-06:00,0.0,0.0,0.0
2020-05-23 00:15:00-06:00,0.0,0.0,0.0
2020-05-23 00:20:00-06:00,0.0,0.0,0.0
2020-05-23 00:25:00-06:00,0.0,0.0,0.0
2020-05-23 00:30:00-06:00,0.0,0.0,0.0
2020-05-23 00:35:00-06:00,0.0,0.0,0.0
2020-05-23 00:40:00-06:00,0.0,0.0,0.0
2020-05-23 00:45:00-06:00,0.0,0.0,0.0
2020-05-23 00:50:00-06:00,0.0,0.0,0.0
2020-05-23 00:55:00-06:00,0.0,0.0,0.0
2020-05-23 01:00:00-06:00,0.0,0.0,0.0
2020-05-23 01:05:00-06:00,0.0,0.0,0.0
2020-05-23 01:10:00-06:00,0.0,0.0,0.0
2020-05-23 01:15:00-06:00,0.0,0.0,0.0
2020-05-23 01:20:00-06:00,0.0,0.0,0.0
2020-05-23 01:25:00-06:00,0.0,0.0,0.0
2020-05-23 01:30:00-06:00,0.0,0.0,0.0
2020-05-23 01:35:00-06:00,0.0,0.0,0.0
2020-05-23 01:40:00-06:00,0.0,0.0,0.0
2020-05-23 01:45:00-06:00,0.0,0.0,0.0
2020-05-23 01:50:00-06:00,0.0,0.0,0.0
2020-05-23 01:55:00-06:00,0.0,0.0,0.0
2020-05-23 02:00:00-06:00,0.0,0.0,0.0
2020-05-23 02:05:00-06:00,0.0,0.0,0.0
2020-05-23 02:10:00-06:00,0.0,0.0,0.0
2020-05-23 02:15:00-06:00,0.0,0.0,0.0
2020-05-23 02:20:00-06:00,0.0,0.0,0.0
2020-05-23 02:25:00-06:00,0.0,0.0,0.0
2020-05-23 02:30:00-06:00,0.0,0.0,0.0
2020-05-23 02:35:00-06:00,0.0,0.0,0.0
2020-05-23 02:40:00-06:00,0.0,0.0,0.0
2020-05-23 02:45:00-06:00,0.0,0.0,0.0
2020-05-23 02:50:00-06:00,0.0,0.0,0.0
2020-05-23 02:55:00-06:00,0.0,0.0,0.0
2020-05-23 03:00:00-06:00,0.0,0.0,0.0
2020-05-23 03:05:00-06:00,0.0,0.0,0.0
2020-05-23 03:10:00-06:00,0.0,0.0,0.0
2020-05-23 03:15:00-06:00,0.0,0.0,0.0
2020-05-23 03:20:00-06:00,0.0,0.0,0.0
2020-05-23 03:25:00-06:00,0.0,0.0,0.0
2020-05-23 03:30:00-06:00,0.0,0.0,0.0
2020-05-23 03:35:00-06:00,0.0,0.0,0.0
2020-05-23 03:40:00-06:00,0.0,0.0,0.0
2020-05-23 03:45:00-06:00,0.0,0.0,0.0
2020-05-23 03:50:00-06:00,0.0,0.0,0.0
2020-05-23 03:55:00-06:00,0.0,0.0,0.0
2020-05-23 04:00:00-06:00,0.0,0.0,0.0
2020-05-23 04:05:00-06:00,0.0,0.0,0.0
2020-05-23 04:10:00-06:00,0.0,0.0,0.0
2020-05-23 04:15:00-06:00,0.0,0.0,0.0
2020-05-23 04:20:00-06:00,0.0,0.0,0.0
2020-05-23 04:25:00-06:00,0.0,0.0,0.0
2020-05-23 04:30:00-06:00,0.0,0.0,0.0
2020-05-23 04:35:00-06:00,0.0,0.0,0.0
2020-05-23 04:40:00-06:00,0.0,0.0,0.0
2020-05-23 04:45:00-06:00,0.0,0.0,0.0
2020-05-23 04:50:00-06:00,0.0,0.0,0.0
2020-05-23 04:55:00-06:00,0.0,0.0,0.0
2020-05-23 05:00:00-06:00,0.0,0.0,0.0
2020-05-23 05:05:00-06:00,0.0,0.0,0.0
2020-05-23 05:10:00-06:00,0.0,0.0,0.0
2020-05-23 05:15:00-06:00,0.0,0.0,0.0
2020-05-23 05:20:00-06:00,0.0,0.0,0.0
2020-05-23 05:25:00-06:00,0.0,0.0,0.0
2020-05-23 05:30:00-06:00,0.0,0.0,0.0
2020-05-23 05:35:00-06:00,0.0,0.0,0.0
2020-05-23 05:40:00-06:00,0.0,0.0,0.0
2020-05-23 05:45:00-06:00,0.0,0.0,0.0
2020-05-23 05:50:00-06:00,0.0,0.0,0.0
2020-05-23 05:55:00-06:00,0.0,0.0,0.0
2020-05-23 06:00:00-06:00,0.01681552547515612,0.0,0.01681552547515612
2020-05-23 06:05:00-06:00,0.27845190589293695,0.0,0.27845190589293695
2020-05-23 06:10:00-06:00,1.1867633398994157,0.0,1.1867633398994157
2020-05-23 06:15:00-06:00,3.1424625733692793,0.0,3.1424625733692793
2020-05-23 06:20:00-06:00,6.360162174186764,0.0,6.360162174186764
2020-05-23 06:25:00-06:00,10.879881249520059,0.0,10.879881249520059
2020-05-23 06:30:00-06:00,16.645883689661797,0.0,16.645883689661797
2020-05-23 06:35:00-06:00,23.567452751129856,0.0,23.567452751129856
2020-05-23 06:40:00-06:00,31.550289923095594,0.0,31.550289923095594
2020-05-23 06:45:00-06:00,40.50910587434804,0.0,40.50910587434804
2020-05-23 06:50:00-06:00,50.371025987336765,0.0,50.371025987336765
2020-05-23 06:55:00-06:00,61.07516913038148,11.230292930041758,59.104018517838114
2020-05-23 07:00:00-06:00,72.5709200843219,29.033805997980245,66.98960160900113
2020-05-23 07:05:00-06:00,84.8159883181815,47.82792791297209,74.82212948873328
2020-05-23 07:10:00-06:00,97.77466080945855,67.60572998146219,82.51802289562396
2020-05-23 07:15:00-06:00,111.41633807804774,88.28876194313096,90.01724499718499
2020-05-23 07:20:00-06:00,125.71438934550442,109.780854437257,97.27426352013202
2020-05-23 07:25:00-06:00,140.64517615512153,131.99296178346282,104.25175532656674
2020-05-23 07:30:00-06:00,156.1874020307404,154.85344680172815,110.916395847563
2020-05-23 07:35:00-06:00,172.32147340032583,178.31013126529623,117.23616546867292
2020-05-23 07:40:00-06:00,189.02914154927717,202.3295218334658,123.17865361665082
2020-05-23 07:45:00-06:00,206.29312371465787,226.89418809701323,128.71005629845277
2020-05-23 07:50:00-06:00,224.0968140519201,251.99980869616715,133.79464560995547
2020-05-23 07:55:00-06:00,242.424084179299,277.6525886740579,138.3944979031425
2020-05-23 08:00:00-06:00,261.2592082606155,303.86724139732763,142.46938216406687
2020-05-23 08:05:00-06:00,280.58649500005436,330.664134637754,145.97691273694014
2020-05-23 08:10:00-06:00,300.39053862887806,358.0690880631657,148.87247693575952
2020-05-23 08:15:00-06:00,320.65579365315034,386.1107829461559,151.10957510298178
2020-05-23 08:20:00-06:00,341.3666490396126,414.82028394403443,152.63994624510926
2020-05-23 08:25:00-06:00,362.50751615420063,444.23084479637987,153.4136339734276
2020-05-23 08:30:00-06:00,384.0625068924458,474.37620045095366,153.37940556961186
2020-05-23 08:35:00-06:00,406.01559579262084,507.0540804127944,151.60010839845998
2020-05-23 08:40:00-06:00,428.35053323365247,550.1282357782941,143.8930643282879
2020-05-23 08:45:00-06:00,451.05078557233,590.4018373557838,136.8106082559156
2020-05-23 08:50:00-06:00,474.0997293595493,627.0982691050103,130.91121160712487
2020-05-23 08:55:00-06:00,497.48032190709927,661.8868150210059,125.42261768237955
2020-05-23 09:00:00-06:00,521.1752987021869,696.350152950709,119.52170253814887
2020-05-23 09:05:00-06:00,536.9106366063817,699.1528333877375,123.50025241040476
2020-05-23 09:10:00-06:00,552.4351743768017,701.3675222744479,127.67255519227359
2020-05-23 09:15:00-06:00,567.7398434895064,703.0418913861454,132.03127410639848
2020-05-23 09:20:00-06:00,582.8158674560656,704.2178227117411,136.56968382465982
2020-05-23 09:25:00-06:00,597.6549468689554,704.9334413555914,141.28100255920634
2020-05-23 09:30:00-06:00,612.2487705232902,705.2222185867856,146.15878933871664
2020-05-23 09:35:00-06:00,626.5895600001573,705.1157791776196,151.19596362132336
2020-05-23 09:40:00-06:00,640.6694896623936,704.6422912679094,156.3854855539135
2020-05-23 09:45:00-06:00,654.481264180766,703.8290405440406,161.71940709372126
2020-05-23 09:50:00-06:00,668.0175101909864,702.7005398332013,167.18969816531143
2020-05-23 09:55:00-06:00,681.2713942843559,701.2810023129456,172.7872887642407
2020-05-23 10:00:00-06:00,694.2360543716388,699.5925604799,178.50287400822515
2020-05-23 10:05:00-06:00,706.9048425256199,697.656248311502,184.32657847957273
2020-05-23 10:10:00-06:00,719.2715710538362,695.4930158671372,190.24754320384523
2020-05-23 10:15:00-06:00,731.3299223300444,693.1217626983672,196.2548894984934
2020-05-23 10:20:00-06:00,743.0741286382986,690.5617873462279,202.33664543238433
2020-05-23 10:25:00-06:00,754.4982758373447,687.8304503050751,208.48091441962686
2020-05-23 10:30:00-06:00,765.5970092082914,684.9456475251997,214.6747448201828
2020-05-23 10:35:00-06:00,776.3649066875838,681.9237164209072,220.90521456156557
2020-05-23 10:40:00-06:00,786.796741400601,678.7803745197239,227.15904411679526
2020-05-23 10:45:00-06:00,796.8877705200832,675.5317005066092,233.4221408663966
2020-05-23 10:50:00-06:00,806.6330714314446,672.1919511677162,239.68079483115332
2020-05-23 10:55:00-06:00,816.0283066584027,668.7761102163563,245.92040431480768
2020-05-23 11:00:00-06:00,825.0689479269594,665.2973529165598,252.1268853464884
2020-05-23 11:05:00-06:00,833.7510623517948,661.7696239209432,258.2853428424929
2020-05-23 11:10:00-06:00,842.0706199726119,658.2053912334003,264.3813519958742
2020-05-23 11:15:00-06:00,850.0237813910657,654.61661585794,270.40049431431953
2020-05-23 11:20:00-06:00,857.6072241373837,651.0157466838854,276.3278495576693
2020-05-23 11:25:00-06:00,864.8174070141127,647.4134294433396,282.14934647412304
2020-05-23 11:30:00-06:00,871.6514091273355,643.8211424750212,287.85031676461847
2020-05-23 11:35:00-06:00,878.1060876819284,640.2485581345812,293.4170684341368
2020-05-23 11:40:00-06:00,884.178927425096,636.7061963409254,298.835396215982
2020-05-23 11:45:00-06:00,889.8671840297895,633.2027695824869,304.09218740533163
2020-05-23 11:50:00-06:00,895.1687483607375,629.7478487937656,309.1738973729035
2020-05-23 11:55:00-06:00,900.0812756891027,626.3491975398186,314.0681802094831
2020-05-23 12:00:00-06:00,904.6030632887415,623.015445720773,318.76233500326646
2020-05-23 12:05:00-06:00,910.4409055549174,624.837398051162,320.1508068032622
2020-05-23 12:10:00-06:00,915.9011713822268,626.7762578788111,321.2559528446617
2020-05-23 12:15:00-06:00,920.980571357056,628.8342535916837,322.0742037692597
2020-05-23 12:20:00-06:00,925.6756660414833,631.0121507323428,322.60336498123684
2020-05-23 12:25:00-06:00,929.9832004676213,633.31025928425,322.8420173303714
2020-05-23 12:30:00-06:00,933.9004553953695,635.7294814158632,322.7888671778642
2020-05-23 12:35:00-06:00,937.4245581857226,638.2692394618082,322.4440494829321
2020-05-23 12:40:00-06:00,940.5528294173561,640.9285038603903,321.80849646549416
2020-05-23 12:45:00-06:00,943.2831296039377,643.7068569299893,320.88325738491017
2020-05-23 12:50:00-06:00,945.613169446927,646.602384627416,319.6708397215825
2020-05-23 12:55:00-06:00,947.5408556598136,649.6127249821322,318.174542451354
2020-05-23 13:00:00-06:00,949.0646409694504,652.7361416069,316.3977575489549
2020-05-23 13:05:00-06:00,950.1827133650833,655.9690325817398,314.34556242485166
2020-05-23 13:10:00-06:00,950.8939255284832,659.3087829637752,312.0228738095285
2020-05-23 13:15:00-06:00,951.1969829502854,662.751264888692,309.4360439622992
2020-05-23 13:20:00-06:00,951.0909101080699,666.2922669784815,306.59192359707913
2020-05-23 13:25:00-06:00,950.5748189229985,669.9267785340896,303.4983033877021
2020-05-23 13:30:00-06:00,949.6483741343616,673.6504268160777,300.1629671288865
2020-05-23 13:35:00-06:00,948.3110981447207,677.4573227859075,296.5950548259583
2020-05-23 13:40:00-06:00,946.5627209548483,681.3411411235263,292.8043377447849
2020-05-23 13:45:00-06:00,944.4035262269957,685.296196893701,288.8005023718181
2020-05-23 13:50:00-06:00,941.8336592076826,689.3152973523718,284.5944918877343
2020-05-23 13:55:00-06:00,938.8534777031643,693.3908240382362,280.197776044831
2020-05-23 14:00:00-06:00,935.4638882324107,697.5158033134975,275.6216390642395
2020-05-23 14:05:00-06:00,931.6656681647183,701.6817726338368,270.87849136533396
2020-05-23 14:10:00-06:00,927.4598052097323,705.8798619467448,265.9811357855325
2020-05-23 14:15:00-06:00,922.8478367102058,710.1018498529636,260.94207569353125
2020-05-23 14:20:00-06:00,917.8311725480304,714.338057227382,255.77477589612135
2020-05-23 14:25:00-06:00,912.4114366811691,718.5784193059967,250.49294245498413
2020-05-23 14:30:00-06:00,906.5907969803313,722.8135244170636,245.1098522764986
2020-05-23 14:35:00-06:00,900.3712992327908,727.032542339099,239.63955743247868
2020-05-23 14:40:00-06:00,893.7552083343253,731.2242818176157,234.09618618182606
2020-05-23 14:45:00-06:00,886.7453192852927,735.3782074015955,228.49329786630472
2020-05-23 14:50:00-06:00,879.3442155098984,739.4820760681886,222.84521968260503
2020-05-23 14:55:00-06:00,871.5551124466372,743.5246393050945,217.16541670515062
2020-05-23 15:00:00-06:00,863.3811252772352,747.4933039505786,211.4677935109844
2020-05-23 15:05:00-06:00,853.7463742700742,747.94774726473,207.6475233451929
2020-05-23 15:10:00-06:00,843.758679495248,748.364138665091,203.74951042330167
2020-05-23 15:15:00-06:00,833.423332525253,748.7324954260991,199.7838260952875
2020-05-23 15:20:00-06:00,822.7455068116831,749.0413653998471,195.76110055549748
2020-05-23 15:25:00-06:00,811.7309647084359,749.2800457823107,191.69128935417598
2020-05-23 15:30:00-06:00,800.3852553031812,749.4360216444103,187.58497940784866
2020-05-23 15:35:00-06:00,788.7145052242864,749.49746523582,183.45203495865042
2020-05-23 15:40:00-06:00,776.724636748716,749.4507085530595,179.3028429730739
2020-05-23 15:45:00-06:00,764.4220469822023,749.282389242486,175.14717039883783
2020-05-23 15:50:00-06:00,751.8133057182574,748.9784719646243,170.99461354119774
2020-05-23 15:55:00-06:00,738.9048949310775,748.5233143113459,166.8549816507417
2020-05-23 16:00:00-06:00,725.7037577021216,747.9014260510796,162.73739659571447
2020-05-23 16:05:00-06:00,712.2170082648502,747.0964914343205,158.65071285833062
2020-05-23 16:10:00-06:00,698.4516963538705,746.090435815397,154.60387439375677
2020-05-23 16:15:00-06:00,684.4153916698561,744.865376655235,150.60497345177862
2020-05-23 16:20:00-06:00,670.1155264353404,743.4012079383068,146.6622654179372
2020-05-23 16:25:00-06:00,655.5599657902522,741.6774766766106,142.78328179032576
2020-05-23 16:30:00-06:00,640.7567708142127,739.6723475274205,138.9752324174833
2020-05-23 16:35:00-06:00,625.713964522634,737.3615815062443,135.24533976131858
2020-05-23 16:40:00-06:00,610.4400079741915,734.7199144052253,131.60022283269143
2020-05-23 16:45:00-06:00,594.9435723802982,731.71985395372,128.04633226351376
2020-05-23 16:50:00-06:00,579.2333244425772,728.3304149423307,124.59035112776405
2020-05-23 16:55:00-06:00,563.3184525576434,724.5183011101645,121.23871405933079
2020-05-23 17:00:00-06:00,547.2080995822193,720.2449075461825,117.99864021214404
2020-05-23 17:05:00-06:00,530.9119404871232,715.467121143804,114.87781938591723
2020-05-23 17:10:00-06:00,514.4396499655521,710.1335506883374,111.88566185396212
2020-05-23 17:15:00-06:00,497.80139617219515,704.1838955638067,109.03347910682646
2020-05-23 17:20:00-06:00,481.0076464792198,697.5449481259476,106.33573502549467
2020-05-23 17:25:00-06:00,464.06903516432766,690.1256724340191,103.81145140132628
2020-05-23 17:30:00-06:00,446.99680950731204,681.8137078523264,101.48499899838328
2020-05-23 17:35:00-06:00,429.80240157826495,672.467908703866,99.38762552367558
2020-05-23 17:40:00-06:00,412.4978824533288,661.9159168789872,97.55672471704673
2020-05-23 17:45:00-06:00,395.0958295766278,649.9554521084111,96.03256354704666
2020-05-23 17:50:00-06:00,377.6092802636961,636.3719315464162,94.84790458234033
2020-05-23 17:55:00-06:00,360.0520898066273,620.9951379806034,94.00298300689457
2020-05-23 18:00:00-06:00,342.43890033376266,603.8289108940317,93.41541482659176
2020-05-23 18:05:00-06:00,320.77069497581994,561.5393712161426,98.23726887175428
2020-05-23 18:10:00-06:00,299.51416011668863,525.829650958789,99.65435672330639
2020-05-23 18:15:00-06:00,278.6876120569729,490.75483769593353,100.15400234753832
2020-05-23 18:20:00-06:00,258.3098749248779,455.81869913584825,99.94611435980329
2020-05-23 18:25:00-06:00,238.40061967373862,420.96544273360485,99.06439212960896
2020-05-23 18:30:00-06:00,218.98038044899684,386.14412557509274,97.5393267893789
2020-05-23 18:35:00-06:00,200.07100818756533,351.3137381948402,95.39750043286278
2020-05-23 18:40:00-06:00,181.69599783620475,316.44918251155065,92.66103956008774
2020-05-23 18:45:00-06:00,163.88098968121588,281.54994170717816,89.34712548292791
2020-05-23 18:50:00-06:00,146.65437487255517,246.65180762313037,85.46774152866485
2020-05-23 18:55:00-06:00,130.04810042477268,211.8421201743758,81.0299836023769
2020-05-23 19:00:00-06:00,114.09870528293264,177.27796726994382,76.03750020403876
2020-05-23 19:05:00-06:00,98.84863748877375,143.20427413074032,70.49406073440802
2020-05-23 19:10:00-06:00,84.34798239870074,109.96284764563765,64.410962035101
2020-05-23 19:15:00-06:00,70.65663114721953,77.97023528646207,57.82088062916381
2020-05-23 19:20:00-06:00,57.84701404906307,47.61649883342721,50.801705313600486
2020-05-23 19:25:00-06:00,46.007314221034214,18.99162224709333,43.51329944450297
2020-05-23 19:30:00-06:00,35.2449083370835,0.0,35.2449083370835
2020-05-23 19:35:00-06:00,25.689007422219966,0.0,25.689007422219966
2020-05-23 19:40:00-06:00,17.489904977299975,0.0,17.489904977299975
2020-05-23 19:45:00-06:00,10.808955407587597,0.0,10.808955407587597
2020-05-23 19:50:00-06:00,5.787477652973799,0.0,5.787477652973799
2020-05-23 19:55:00-06:00,2.4771309379990725,0.0,2.4771309379990725
2020-05-23 20:00:00-06:00,0.7265564323933096,0.0,0.7265564323933096
2020-05-23 20:05:00-06:00,0.09569432005553927,0.0,0.09569432005553927
2020-05-23 20:10:00-06:00,0.0,0.0,0.0
2020-05-23 20:15:00-06:00,0.0,0.0,0.0
2020-05-23 20:20:00-06:00,0.0,0.0,0.0
2020-05-23 20:25:00-06:00,0.0,0.0,0.0
2020-05-23 20:30:00-06:00,0.0,0.0,0.0
2020-05-23 20:35:00-06:00,0.0,0.0,0.0
2020-05-23 20:40:00-06:00,0.0,0.0,0.0
2020-05-23 20:45:00-06:00,0.0,0.0,0.0
2020-05-23 20:50:00-06:00,0.0,0.0,0.0
2020-05-23 20:55:00-06:00,0.0,0.0,0.0
2020-05-23 21:00:00-06:00,0.0,0.0,0.0
2020-05-23 21:05:00-06:00,0.0,0.0,0.0
2020-05-23 21:10:00-06:00,0.0,0.0,0.0
2020-05-23 21:15:00-06:00,0.0,0.0,0.0
2020-05-23 21:20:00-06:00,0.0,0.0,0.0
2020-05-23 21:25:00-06:00,0.0,0.0,0.0
2020-05-23 21:30:00-06:00,0.0,0.0,0.0
2020-05-23 21:35:00-06:00,0.0,0.0,0.0
2020-05-23 21:40:00-06:00,0.0,0.0,0.0
2020-05-23 21:45:00-06:00,0.0,0.0,0.0
2020-05-23 21:50:00-06:00,0.0,0.0,0.0
2020-05-23 21:55:00-06:00,0.0,0.0,0.0
2020-05-23 22:00:00-06:00,0.0,0.0,0.0
2020-05-23 22:05:00-06:00,0.0,0.0,0.0
2020-05-23 22:10:00-06:00,0.0,0.0,0.0
2020-05-23 22:15:00-06:00,0.0,0.0,0.0
2020-05-23 22:20:00-06:00,0.0,0.0,0.0
2020-05-23 22:25:00-06:00,0.0,0.0,0.0
2020-05-23 22:30:00-06:00,0.0,0.0,0.0
2020-05-23 22:35:00-06:00,0.0,0.0,0.0
2020-05-23 22:40:00-06:00,0.0,0.0,0.0
2020-05-23 22:45:00-06:00,0.0,0.0,0.0
2020-05-23 22:50:00-06:00,0.0,0.0,0.0
2020-05-23 22:55:00-06:00,0.0,0.0,0.0
2020-05-23 23:00:00-06:00,0.0,0.0,0.0
2020-05-23 23:05:00-06:00,0.0,0.0,0.0
2020-05-23 23:10:00-06:00,0.0,0.0,0.0
2020-05-23 23:15:00-06:00,0.0,0.0,0.0
2020-05-23 23:20:00-06:00,0.0,0.0,0.0
2020-05-23 23:25:00-06:00,0.0,0.0,0.0
2020-05-23 23:30:00-06:00,0.0,0.0,0.0
2020-05-23 23:35:00-06:00,0.0,0.0,0.0
2020-05-23 23:40:00-06:00,0.0,0.0,0.0
2020-05-23 23:45:00-06:00,0.0,0.0,0.0
2020-05-23 23:50:00-06:00,0.0,0.0,0.0
2020-05-23 23:55:00-06:00,0.0,0.0,0.0
2020-05-24 00:00:00-06:00,0.0,0.0,0.0
2020-05-24 00:05:00-06:00,0.0,0.0,0.0
2020-05-24 00:10:00-06:00,0.0,0.0,0.0
2020-05-24 00:15:00-06:00,0.0,0.0,0.0
2020-05-24 00:20:00-06:00,0.0,0.0,0.0
2020-05-24 00:25:00-06:00,0.0,0.0,0.0
2020-05-24 00:30:00-06:00,0.0,0.0,0.0
2020-05-24 00:35:00-06:00,0.0,0.0,0.0
2020-05-24 00:40:00-06:00,0.0,0.0,0.0
2020-05-24 00:45:00-06:00,0.0,0.0,0.0
2020-05-24 00:50:00-06:00,0.0,0.0,0.0
2020-05-24 00:55:00-06:00,0.0,0.0,0.0
2020-05-24 01:00:00-06:00,0.0,0.0,0.0
2020-05-24 01:05:00-06:00,0.0,0.0,0.0
2020-05-24 01:10:00-06:00,0.0,0.0,0.0
2020-05-24 01:15:00-06:00,0.0,0.0,0.0
2020-05-24 01:20:00-06:00,0.0,0.0,0.0
2020-05-24 01:25:00-06:00,0.0,0.0,0.0
2020-05-24 01:30:00-06:00,0.0,0.0,0.0
2020-05-24 01:35:00-06:00,0.0,0.0,0.0
2020-05-24 01:40:00-06:00,0.0,0.0,0.0
2020-05-24 01:45:00-06:00,0.0,0.0,0.0
2020-05-24 01:50:00-06:00,0.0,0.0,0.0
2020-05-24 01:55:00-06:00,0.0,0.0,0.0
2020-05-24 02:00:00-06:00,0.0,0.0,0.0
2020-05-24 02:05:00-06:00,0.0,0.0,0.0
2020-05-24 02:10:00-06:00,0.0,0.0,0.0
2020-05-24 02:15:00-06:00,0.0,0.0,0.0
2020-05-24 02:20:00-06:00,0.0,0.0,0.0
2020-05-24 02:25:00-06:00,0.0,0.0,0.0
2020-05-24 02:30:00-06:00,0.0,0.0,0.0
2020-05-24 02:35:00-06:00,0.0,0.0,0.0
2020-05-24 02:40:00-06:00,0.0,0.0,0.0
2020-05-24 02:45:00-06:00,0.0,0.0,0.0
2020-05-24 02:50:00-06:00,0.0,0.0,0.0
2020-05-24 02:55:00-06:00,0.0,0.0,0.0
2020-05-24 03:00:00-06:00,0.0,0.0,0.0
2020-05-24 03:05:00-06:00,0.0,0.0,0.0
2020-05-24 03:10:00-06:00,0.0,0.0,0.0
2020-05-24 03:15:00-06:00,0.0,0.0,0.0
2020-05-24 03:20:00-06:00,0.0,0.0,0.0
2020-05-24 03:25:00-06:00,0.0,0.0,0.0
2020-05-24 03:30:00-06:00,0.0,0.0,0.0
2020-05-24 03:35:00-06:00,0.0,0.0,0.0
2020-05-24 03:40:00-06:00,0.0,0.0,0.0
2020-05-24 03:45:00-06:00,0.0,0.0,0.0
2020-05-24 03:50:00-06:00,0.0,0.0,0.0
2020-05-24 03:55:00-06:00,0.0,0.0,0.0
2020-05-24 04:00:00-06:00,0.0,0.0,0.0
2020-05-24 04:05:00-06:00,0.0,0.0,0.0
2020-05-24 04:10:00-06:00,0.0,0.0,0.0
2020-05-24 04:15:00-06:00,0.0,0.0,0.0
2020-05-24 04:20:00-06:00,0.0,0.0,0.0
2020-05-24 04:25:00-06:00,0.0,0.0,0.0
2020-05-24 04:30:00-06:00,0.0,0.0,0.0
2020-05-24 04:35:00-06:00,0.0,0.0,0.0
2020-05-24 04:40:00-06:00,0.0,0.0,0.0
2020-05-24 04:45:00-06:00,0.0,0.0,0.0
2020-05-24 04:50:00-06:00,0.0,0.0,0.0
2020-05-24 04:55:00-06:00,0.0,0.0,0.0
2020-05-24 05:00:00-06:00,0.0,0.0,0.0
2020-05-24 05:05:00-06:00,0.0,0.0,0.0
2020-05-24 05:10:00-06:00,0.0,0.0,0.0
2020-05-24 05:15:00-06:00,0.0,0.0,0.0
2020-05-24 05:20:00-06:00,0.0,0.0,0.0
2020-05-24 05:25:00-06:00,0.0,0.0,0.0
2020-05-24 05:30:00-06:00,0.0,0.0,0.0
2020-05-24 05:35:00-06:00,0.0,0.0,0.0
2020-05-24 05:40:00-06:00,0.0,0.0,0.0
2020-05-24 05:45:00-06:00,0.0,0.0,0.0
2020-05-24 05:50:00-06:00,0.0,0.0,0.0
2020-05-24 05:55:00-06:00,0.0,0.0,0.0
2020-05-24 06:00:00-06:00,0.03743960438927934,0.0,0.03743960438927934
2020-05-24 06:05:00-06:00,0.4504609874794232,0.0,0.4504609874794232
2020-05-24 06:10:00-06:00,1.7628299388282773,0.0,1.7628299388282773
2020-05-24 06:15:00-06:00,4.427039651803845,0.0,4.427039651803845
2020-05-24 06:20:00-06:00,8.620923653201926,0.0,8.620923653201926
2020-05-24 06:25:00-06:00,14.302900768160516,0.0,14.302900768160516
2020-05-24 06:30:00-06:00,21.327788808271357,0.0,21.327788808271357
2020-05-24 06:35:00-06:00,29.524706404808278,0.0,29.524706404808278
2020-05-24 06:40:00-06:00,38.733258465502495,0.0,38.733258465502495
2020-05-24 06:45:00-06:00,48.81561468042075,9.944580250755248,47.387428583548974
2020-05-24 06:50:00-06:00,59.657741925384364,30.253471272982505,54.80889919510594
2020-05-24 06:55:00-06:00,71.16663152923208,50.78675966095075,62.17969339159198
2020-05-24 07:00:00-06:00,83.26655996236263,71.5130550578742,69.41821101066643
2020-05-24 07:05:00-06:00,95.89556646691537,92.25111513019017,76.49087001503658
2020-05-24 07:10:00-06:00,109.00246646504631,112.80691846866358,83.39052630471289
2020-05-24 07:15:00-06:00,122.5444838947967,133.02402058491242,90.12289313384048
2020-05-24 07:20:00-06:00,136.4853777130786,152.7946989381443,96.69859994047832
2020-05-24 07:25:00-06:00,150.79400427883286,172.05555274284177,103.12886063856321
2020-05-24 07:30:00-06:00,165.44324003008816,190.7786286909705,109.42325914910614
2020-05-24 07:35:00-06:00,180.40905512913406,208.96179744478053,115.58880603960152
2020-05-24 07:40:00-06:00,195.66994368829623,226.62131050897636,121.62961261703191
2020-05-24 07:45:00-06:00,211.2063108328772,243.78524161743772,127.54697173660931
2020-05-24 07:50:00-06:00,227.00015153939532,260.4892207213131,133.33956354584575
2020-05-24 07:55:00-06:00,243.03462008828427,276.772721813632,139.0037843252394
2020-05-24 08:00:00-06:00,259.29396493333644,292.6774647351534,144.53397830614938
2020-05-24 08:05:00-06:00,275.7631635094569,308.245208063683,149.9227924939932
2020-05-24 08:10:00-06:00,292.42776229323584,323.5166694735137,155.16147046556048
2020-05-24 08:15:00-06:00,309.2739190695886,338.53156873732763,160.23997392558138
2020-05-24 08:20:00-06:00,326.28811089159694,353.3274490377631,165.1473176764082
2020-05-24 08:25:00-06:00,343.45714636489566,367.9398538152931,169.87169138400597
2020-05-24 08:30:00-06:00,360.76807206469425,382.4021595714542,174.40062880558264
2020-05-24 08:35:00-06:00,378.2081314788393,396.7455783210465,178.72115340514068
2020-05-24 08:40:00-06:00,395.7647049051647,410.9992056191059,182.81989324398086
2020-05-24 08:45:00-06:00,413.42528902235284,425.19011245712557,186.6831949647685
2020-05-24 08:50:00-06:00,431.17745197524016,439.34344837079595,190.29721135349703
2020-05-24 08:55:00-06:00,449.0088254252808,453.48256249938004,193.6479921894415
2020-05-24 09:00:00-06:00,466.90706995964587,469.13097317090904,195.85381620467308
2020-05-24 09:05:00-06:00,480.627784710362,472.09005476072144,201.02464484741142
2020-05-24 09:10:00-06:00,494.1403665285168,474.5604646616334,206.28564296424042
2020-05-24 09:15:00-06:00,507.43708375991565,476.515584959214,211.67118239819035
2020-05-24 09:20:00-06:00,520.5105571437044,477.9557209438103,217.1998360892851
2020-05-24 09:25:00-06:00,533.3536671264596,478.8982176485088,222.8787647462932
2020-05-24 09:30:00-06:00,545.9594819464767,479.3705646830939,228.7070153051488
2020-05-24 09:35:00-06:00,558.3215281300376,479.4070323319111,234.67739791283537
2020-05-24 09:40:00-06:00,570.4332773641365,479.0436161204424,240.77902995446385
2020-05-24 09:45:00-06:00,582.2887266369777,478.31829180464655,246.99768133450897
2020-05-24 09:50:00-06:00,593.8818693129715,477.2677318487575,253.31751474242617
2020-05-24 09:55:00-06:00,605.2069906735787,475.9275988684208,259.72131785576744
2020-05-24 10:00:00-06:00,616.2585823821846,474.33176121039975,266.1911286764463
2020-05-24 10:05:00-06:00,627.0312636561164,472.51176237073327,272.7087262665191
2020-05-24 10:10:00-06:00,637.5201085824694,470.49769810401284,279.2555019303777
2020-05-24 10:15:00-06:00,647.720143002241,468.31665592040196,285.8133070185216
2020-05-24 10:20:00-06:00,657.6265792784541,465.993522618475,292.3642958716561
2020-05-24 10:25:00-06:00,667.2351035355704,463.5517452866251,298.8907856629383
2020-05-24 10:30:00-06:00,676.5413215339435,461.0119760871822,305.37593591221787
2020-05-24 10:35:00-06:00,685.5410310898261,458.3929061854266,311.8035391364451
2020-05-24 10:40:00-06:00,694.2305062463416,455.71202917935193,318.1578291030217
2020-05-24 10:45:00-06:00,702.6059257404686,452.9843770206172,324.42407517926017
2020-05-24 10:50:00-06:00,710.6637575442205,450.22353045590404,330.5882740142534
2020-05-24 10:55:00-06:00,718.4006542483206,447.4414832363527,336.637274795853
2020-05-24 11:00:00-06:00,725.8133606767115,444.6485194742624,342.558898066284
2020-05-24 11:05:00-06:00,732.8991086158871,441.85414048612284,348.34163714834943
2020-05-24 11:10:00-06:00,739.6550200103953,439.06587287757486,353.9751686851525
2020-05-24 11:15:00-06:00,746.0783953333612,436.2899853783802,359.45011768873235
2020-05-24 11:20:00-06:00,752.1670383955783,433.53216266503495,364.7578492695988
2020-05-24 11:25:00-06:00,757.9186270247831,430.79633680958,369.89093628285565
2020-05-24 11:30:00-06:00,763.3310721967316,428.0854684150157,374.8428908057483
2020-05-24 11:35:00-06:00,768.402635170876,425.40179873781227,379.60809453277653
2020-05-24 11:40:00-06:00,773.1315436605126,422.7461954304559,384.182054180165
2020-05-24 11:45:00-06:00,777.5164304428416,420.1190081656704,388.56109451707516
2020-05-24 11:50:00-06:00,781.5558908023522,417.51930850449895,392.74264582997955
2020-05-24 11:55:00-06:00,785.2488712277524,414.9456395206097,396.72496414017274
2020-05-24 12:00:00-06:00,788.5945002447469,412.39575803547046,400.5072186631557
2020-05-24 12:05:00-06:00,797.0612411377928,419.36047649026625,400.5828390573147
2020-05-24 12:10:00-06:00,805.2325422208519,425.4740775373433,401.2603405172635
2020-05-24 12:15:00-06:00,813.1009506121366,430.8686010269757,402.4239896258447
2020-05-24 12:20:00-06:00,820.6591470786738,435.68498922707806,403.9460795620776
2020-05-24 12:25:00-06:00,827.9000623411647,440.06858026067306,405.69169255721374
2020-05-24 12:30:00-06:00,834.816714985095,444.16484216193265,407.5230734071238
2020-05-24 12:35:00-06:00,841.4023854749618,448.1161128098816,409.303458522497
2020-05-24 12:40:00-06:00,847.6501624623234,452.058211305802,410.90044090905155
2020-05-24 12:45:00-06:00,853.5536369169422,456.11875903097604,412.1888484583907
2020-05-24 12:50:00-06:00,859.1064480103529,460.41478607593353,413.05314336258044
2020-05-24 12:55:00-06:00,864.3025181083287,465.0515186932907,413.38933534331676
2020-05-24 13:00:00-06:00,869.1355928260123,470.1207919601484,413.1065094216695
2020-05-24 13:05:00-06:00,873.5999428970082,475.70112148464386,412.1278420762328
2020-05-24 13:10:00-06:00,877.6899040548901,481.8568175056796,410.39131106531164
2020-05-24 13:15:00-06:00,881.4001138427788,488.6381971179259,407.8499603571034
2020-05-24 13:20:00-06:00,884.7250521650443,496.0810341796158,404.4721289159404
2020-05-24 13:25:00-06:00,887.6597420188089,504.20796198255607,400.240869712312
2020-05-24 13:30:00-06:00,890.1992906594322,513.0283435140351,395.15362054846713
2020-05-24 13:35:00-06:00,892.3390091165861,522.5391358788592,389.2214220765987
2020-05-24 13:40:00-06:00,894.0745319334555,532.7259641492001,382.46787312847556
2020-05-24 13:45:00-06:00,895.4013629732509,543.5630400836073,374.9285671557045
2020-05-24 13:50:00-06:00,896.3155675268291,555.0156323496309,366.649177908555
2020-05-24 13:55:00-06:00,896.813432759303,567.0404343675183,357.684499737677
2020-05-24 14:00:00-06:00,896.8911285523853,579.5857246257575,348.0976485853764
2020-05-24 14:05:00-06:00,896.5453986021341,592.5941843396959,337.9577427891559
2020-05-24 14:10:00-06:00,895.7731040389424,606.0028627571306,327.3391504141415
2020-05-24 14:15:00-06:00,894.5714574479983,619.7448725213713,316.319778310008
2020-05-24 14:20:00-06:00,892.937576723497,633.7491421547951,304.98051491294564
2020-05-24 14:25:00-06:00,890.8691596206704,647.9434007254997,293.40278339835174
2020-05-24 14:30:00-06:00,888.3640434608077,662.2538631450749,281.66809047211336
2020-05-24 14:35:00-06:00,885.4204225591495,676.6068266771891,269.8564845953322
2020-05-24 14:40:00-06:00,882.0364260417856,690.9281696790586,258.0463215061678
2020-05-24 14:45:00-06:00,878.2107643890566,705.1462126398038,246.31207797194577
2020-05-24 14:50:00-06:00,873.9423063212879,719.1910821836416,234.7243230713209
2020-05-24 14:55:00-06:00,869.23028674197,732.9960449819864,223.34858286671692
2020-05-24 15:00:00-06:00,864.0739015824632,746.496752732732,212.24548314934327
2020-05-24 15:05:00-06:00,854.6153172764009,747.4478855984358,208.15097836103246
2020-05-24 15:10:00-06:00,844.8007025253701,748.3544518407947,203.98925462644115
2020-05-24 15:15:00-06:00,834.635046511373,749.2058076481587,199.7709510706312
2020-05-24 15:20:00-06:00,824.1235231482156,749.9908131698897,195.50671055772546
2020-05-24 15:25:00-06:00,813.2715012467045,750.6978156040941,191.2071438237275
2020-05-24 15:30:00-06:00,802.0845325552616,751.3146312473423,186.88278485062108
2020-05-24 15:35:00-06:00,790.5683628694768,751.828522715856,182.5440560048437
2020-05-24 15:40:00-06:00,778.7289196228048,752.2261737926559,178.20122474649384
2020-05-24 15:45:00-06:00,766.5723240010872,752.4936586505881,173.8643707095407
2020-05-24 15:50:00-06:00,754.1048799000322,752.6164068217569,169.5433454472751
2020-05-24 15:55:00-06:00,741.3330787028813,752.5791613413469,165.24773974676236
2020-05-24 16:00:00-06:00,728.2636050898044,752.3659298822732,160.9868530588367
2020-05-24 16:05:00-06:00,714.9033257638722,751.9599268221275,156.76965985892036
2020-05-24 16:10:00-06:00,701.2593046713727,751.3435048222368,152.6047879281855
2020-05-24 16:15:00-06:00,687.3387903311615,750.4980723285729,148.50049176772166
2020-05-24 16:20:00-06:00,673.1492326596577,749.4039953486724,144.4646404199068
2020-05-24 16:25:00-06:00,658.6982708549255,748.0404760714199,140.50470353861613
2020-05-24 16:30:00-06:00,643.9937521590974,746.3854054594316,136.62775568319427
2020-05-24 16:35:00-06:00,629.0437227762683,744.41517605779,132.84048546328768
2020-05-24 16:40:00-06:00,613.8564389347658,742.1044456972728,129.14922790838693
2020-05-24 16:45:00-06:00,598.4403797143977,739.425832217912,125.56002152406091
2020-05-24 16:50:00-06:00,582.8042406587538,736.3495073918592,122.07869551073202
2020-05-24 16:55:00-06:00,566.9569598790855,732.8426585790986,118.7110136446704
2020-05-24 17:00:00-06:00,550.9077127677743,728.8687488850165,115.46288001656654
2020-05-24 17:05:00-06:00,534.6659427440228,724.3865065980096,112.34064884078953
2020-05-24 17:10:00-06:00,518.2413604788223,719.3485133753168,109.35155951754683
2020-05-24 17:15:00-06:00,501.64398095205735,713.699253134659,106.50435398286186
2020-05-24 17:20:00-06:00,484.8841315541519,707.3724081680026,103.81010800136528
2020-05-24 17:25:00-06:00,467.9724866368595,700.2872062134393,101.28331497960778
2020-05-24 17:30:00-06:00,450.9201079684562,692.3436662761792,98.94318543232419
2020-05-24 17:35:00-06:00,433.7384690230743,683.4168627547027,96.81496860426898
2020-05-24 17:40:00-06:00,416.4395215658783,673.3511485105965,94.93075347234645
2020-05-24 17:45:00-06:00,399.0357353752863,661.9570940372682,93.32843573787727
2020-05-24 17:50:00-06:00,381.54018701729245,649.0180591940878,92.04608808182445
2020-05-24 17:55:00-06:00,363.9666262603984,634.3214572410408,91.10630150442023
2020-05-24 18:00:00-06:00,346.3295983488036,617.7450247030336,90.48076498198901
2020-05-24 18:05:00-06:00,326.627030997651,587.274289335788,92.84994576894883
2020-05-24 18:10:00-06:00,307.11048607590556,558.1294838024328,93.96893471387375
2020-05-24 18:15:00-06:00,287.79803499635796,532.2628534906681,93.19432520677907
2020-05-24 18:20:00-06:00,268.70865511432174,505.3109303058447,92.21867929153188
2020-05-24 18:25:00-06:00,249.86270480787323,477.4982535264998,90.92453015915308
2020-05-24 18:30:00-06:00,231.28206027926137,448.7355491786599,89.31041142246855
2020-05-24 18:35:00-06:00,212.99057804132985,418.93343368334314,87.37152246562827
2020-05-24 18:40:00-06:00,195.014451112226,388.00606750784755,85.09908183881059
2020-05-24 18:45:00-06:00,177.38300843704934,355.8790938376999,82.4793431194277
2020-05-24 18:50:00-06:00,160.12937700502795,322.4997095018007,79.49276223371939
2020-05-24 18:55:00-06:00,143.2915547142096,287.85322916395546,76.11307408924955
2020-05-24 19:00:00-06:00,126.91366079965199,251.98633126783162,72.30677253966061
2020-05-24 19:05:00-06:00,111.04774931856272,215.04059737898706,68.0334375095091
2020-05-24 19:10:00-06:00,95.75596652294284,177.29291879077513,63.24849201002573
2020-05-24 19:15:00-06:00,81.11342560723034,139.19519715284898,57.910819640327254
2020-05-24 19:20:00-06:00,67.21180176755553,101.37995092327331,52.00011411163145
2020-05-24 19:25:00-06:00,54.163816185612106,64.5477372936455,45.55133759773414
2020-05-24 19:30:00-06:00,42.10821238736484,29.04701679076074,38.714235068148916
2020-05-24 19:35:00-06:00,31.214352056307256,0.0,31.214352056307256
2020-05-24 19:40:00-06:00,21.683789089786515,0.0,21.683789089786515
2020-05-24 19:45:00-06:00,13.742188829042247,0.0,13.742188829042247
2020-05-24 19:50:00-06:00,7.608133443530922,0.0,7.608133443530922
2020-05-24 19:55:00-06:00,3.4166897172724817,0.0,3.4166897172724817
2020-05-24 20:00:00-06:00,1.0832376747116732,0.0,1.0832376747116732
2020-05-24 20:05:00-06:00,0.17138323280348358,0.0,0.17138323280348358
2020-05-24 20:10:00-06:00,0.0,0.0,0.0
2020-05-24 20:15:00-06:00,0.0,0.0,0.0
2020-05-24 20:20:00-06:00,0.0,0.0,0.0
2020-05-24 20:25:00-06:00,0.0,0.0,0.0
2020-05-24 20:30:00-06:00,0.0,0.0,0.0
2020-05-24 20:35:00-06:00,0.0,0.0,0.0
2020-05-24 20:40:00-06:00,0.0,0.0,0.0
2020-05-24 20:45:00-06:00,0.0,0.0,0.0
2020-05-24 20:50:00-06:00,0.0,0.0,0.0
2020-05-24 20:55:00-06:00,0.0,0.0,0.0
2020-05-24 21:00:00-06:00,0.0,0.0,0.0
2020-05-24 21:05:00-06:00,0.0,0.0,0.0
2020-05-24 21:10:00-06:00,0.0,0.0,0.0
2020-05-24 21:15:00-06:00,0.0,0.0,0.0
2020-05-24 21:20:00-06:00,0.0,0.0,0.0
2020-05-24 21:25:00-06:00,0.0,0.0,0.0
2020-05-24 21:30:00-06:00,0.0,0.0,0.0
2020-05-24 21:35:00-06:00,0.0,0.0,0.0
2020-05-24 21:40:00-06:00,0.0,0.0,0.0
2020-05-24 21:45:00-06:00,0.0,0.0,0.0
2020-05-24 21:50:00-06:00,0.0,0.0,0.0
2020-05-24 21:55:00-06:00,0.0,0.0,0.0
2020-05-24 22:00:00-06:00,0.0,0.0,0.0
2020-05-24 22:05:00-06:00,0.0,0.0,0.0
2020-05-24 22:10:00-06:00,0.0,0.0,0.0
2020-05-24 22:15:00-06:00,0.0,0.0,0.0
2020-05-24 22:20:00-06:00,0.0,0.0,0.0
2020-05-24 22:25:00-06:00,0.0,0.0,0.0
2020-05-24 22:30:00-06:00,0.0,0.0,0.0
2020-05-24 22:35:00-06:00,0.0,0.0,0.0
2020-05-24 22:40:00-06:00,0.0,0.0,0.0
2020-05-24 22:45:00-06:00,0.0,0.0,0.0
2020-05-24 22:50:00-06:00,0.0,0.0,0.0
2020-05-24 22:55:00-06:00,0.0,0.0,0.0
2020-05-24 23:00:00-06:00,0.0,0.0,0.0
2020-05-24 23:05:00-06:00,0.0,0.0,0.0
2020-05-24 23:10:00-06:00,0.0,0.0,0.0
2020-05-24 23:15:00-06:00,0.0,0.0,0.0
2020-05-24 23:20:00-06:00,0.0,0.0,0.0
2020-05-24 23:25:00-06:00,0.0,0.0,0.0
2020-05-24 23:30:00-06:00,0.0,0.0,0.0
2020-05-24 23:35:00-06:00,0.0,0.0,0.0
2020-05-24 23:40:00-06:00,0.0,0.0,0.0
2020-05-24 23:45:00-06:00,0.0,0.0,0.0
2020-05-24 23:50:00-06:00,0.0,0.0,0.0
2020-05-24 23:55:00-06:00,0.0,0.0,0.0
2020-05-25 00:00:00-06:00,0.0,0.0,0.0
2020-05-25 00:05:00-06:00,0.0,0.0,0.0
2020-05-25 00:10:00-06:00,0.0,0.0,0.0
2020-05-25 00:15:00-06:00,0.0,0.0,0.0
2020-05-25 00:20:00-06:00,0.0,0.0,0.0
2020-05-25 00:25:00-06:00,0.0,0.0,0.0
2020-05-25 00:30:00-06:00,0.0,0.0,0.0
2020-05-25 00:35:00-06:00,0.0,0.0,0.0
2020-05-25 00:40:00-06:00,0.0,0.0,0.0
2020-05-25 00:45:00-06:00,0.0,0.0,0.0
2020-05-25 00:50:00-06:00,0.0,0.0,0.0
2020-05-25 00:55:00-06:00,0.0,0.0,0.0
2020-05-25 01:00:00-06:00,0.0,0.0,0.0
2020-05-25 01:05:00-06:00,0.0,0.0,0.0
2020-05-25 01:10:00-06:00,0.0,0.0,0.0
2020-05-25 01:15:00-06:00,0.0,0.0,0.0
2020-05-25 01:20:00-06:00,0.0,0.0,0.0
2020-05-25 01:25:00-06:00,0.0,0.0,0.0
2020-05-25 01:30:00-06:00,0.0,0.0,0.0
2020-05-25 01:35:00-06:00,0.0,0.0,0.0
2020-05-25 01:40:00-06:00,0.0,0.0,0.0
2020-05-25 01:45:00-06:00,0.0,0.0,0.0
2020-05-25 01:50:00-06:00,0.0,0.0,0.0
2020-05-25 01:55:00-06:00,0.0,0.0,0.0
2020-05-25 02:00:00-06:00,0.0,0.0,0.0
2020-05-25 02:05:00-06:00,0.0,0.0,0.0
2020-05-25 02:10:00-06:00,0.0,0.0,0.0
2020-05-25 02:15:00-06:00,0.0,0.0,0.0
2020-05-25 02:20:00-06:00,0.0,0.0,0.0
2020-05-25 02:25:00-06:00,0.0,0.0,0.0
2020-05-25 02:30:00-06:00,0.0,0.0,0.0
2020-05-25 02:35:00-06:00,0.0,0.0,0.0
2020-05-25 02:40:00-06:00,0.0,0.0,0.0
2020-05-25 02:45:00-06:00,0.0,0.0,0.0
2020-05-25 02:50:00-06:00,0.0,0.0,0.0
2020-05-25 02:55:00-06:00,0.0,0.0,0.0
2020-05-25 03:00:00-06:00,0.0,0.0,0.0
2020-05-25 03:05:00-06:00,0.0,0.0,0.0
2020-05-25 03:10:00-06:00,0.0,0.0,0.0
2020-05-25 03:15:00-06:00,0.0,0.0,0.0
2020-05-25 03:20:00-06:00,0.0,0.0,0.0
2020-05-25 03:25:00-06:00,0.0,0.0,0.0
2020-05-25 03:30:00-06:00,0.0,0.0,0.0
2020-05-25 03:35:00-06:00,0.0,0.0,0.0
2020-05-25 03:40:00-06:00,0.0,0.0,0.0
2020-05-25 03:45:00-06:00,0.0,0.0,0.0
2020-05-25 03:50:00-06:00,0.0,0.0,0.0
2020-05-25 03:55:00-06:00,0.0,0.0,0.0
2020-05-25 04:00:00-06:00,0.0,0.0,0.0
2020-05-25 04:05:00-06:00,0.0,0.0,0.0
2020-05-25 04:10:00-06:00,0.0,0.0,0.0
2020-05-25 04:15:00-06:00,0.0,0.0,0.0
2020-05-25 04:20:00-06:00,0.0,0.0,0.0
2020-05-25 04:25:00-06:00,0.0,0.0,0.0
2020-05-25 04:30:00-06:00,0.0,0.0,0.0
2020-05-25 04:35:00-06:00,0.0,0.0,0.0
2020-05-25 04:40:00-06:00,0.0,0.0,0.0
2020-05-25 04:45:00-06:00,0.0,0.0,0.0
2020-05-25 04:50:00-06:00,0.0,0.0,0.0
2020-05-25 04:55:00-06:00,0.0,0.0,0.0
2020-05-25 05:00:00-06:00,0.0,0.0,0.0
2020-05-25 05:05:00-06:00,0.0,0.0,0.0
2020-05-25 05:10:00-06:00,0.0,0.0,0.0
2020-05-25 05:15:00-06:00,0.0,0.0,0.0
2020-05-25 05:20:00-06:00,0.0,0.0,0.0
2020-05-25 05:25:00-06:00,0.0,0.0,0.0
2020-05-25 05:30:00-06:00,0.0,0.0,0.0
2020-05-25 05:35:00-06:00,0.0,0.0,0.0
2020-05-25 05:40:00-06:00,0.0,0.0,0.0
2020-05-25 05:45:00-06:00,0.0,0.0,0.0
2020-05-25 05:50:00-06:00,0.0,0.0,0.0
2020-05-25 05:55:00-06:00,0.0,0.0,0.0
2020-05-25 06:00:00-06:00,0.07058417208137106,0.0,0.07058417208137106
2020-05-25 06:05:00-06:00,0.6778192002324352,0.0,0.6778192002324352
2020-05-25 06:10:00-06:00,2.46454912434909,0.0,2.46454912434909
2020-05-25 06:15:00-06:00,5.907993893023066,0.0,5.907993893023066
2020-05-25 06:20:00-06:00,11.116244433150506,0.0,11.116244433150506
2020-05-25 06:25:00-06:00,17.938145418095136,0.0,17.938145418095136
2020-05-25 06:30:00-06:00,26.117917500685376,0.0,26.117917500685376
2020-05-25 06:35:00-06:00,35.38901979864197,0.0,35.38901979864197
2020-05-25 06:40:00-06:00,45.513645190048805,22.713223179505256,42.59740575521438
2020-05-25 06:45:00-06:00,56.29309048384499,46.181844417505545,49.59655553189275
2020-05-25 06:50:00-06:00,67.56598491263284,68.40912728705021,56.508168438105336
2020-05-25 06:55:00-06:00,79.20260979528841,89.20742938010667,63.29671523755739
2020-05-25 07:00:00-06:00,91.0987379634754,108.29530982030936,69.98380425233013
2020-05-25 07:05:00-06:00,103.17021991400556,125.46695835129037,76.6146400214113
2020-05-25 07:10:00-06:00,115.34858538691614,140.62491752860657,83.23972845820356
2020-05-25 07:15:00-06:00,127.5776550064968,153.76521199915595,89.90594320223741
2020-05-25 07:20:00-06:00,139.81077502127164,164.95080934583618,96.65275484643215
2020-05-25 07:25:00-06:00,152.0089185223512,174.28831438369676,103.51108989079871
2020-05-25 07:30:00-06:00,164.13906851744213,181.90920826796886,110.50349008733978
2020-05-25 07:35:00-06:00,176.17295155209578,187.956366109576,117.64487320773951
2020-05-25 07:40:00-06:00,188.08625918771637,192.57584262910814,124.94342802628283
2020-05-25 07:45:00-06:00,199.8578457606053,195.9107764867263,132.40159733346343
2020-05-25 07:50:00-06:00,211.4691592840391,198.09782082150744,140.01700331500717
2020-05-25 07:55:00-06:00,222.90381356609748,199.26525269369859,147.78325671909934
2020-05-25 08:00:00-06:00,234.14733122664734,199.53224841740635,155.6906704652493
2020-05-25 08:05:00-06:00,245.18665017415887,199.00787198754318,163.72694172765694
2020-05-25 08:10:00-06:00,256.01015582546785,197.79198793320722,171.87763869807674
2020-05-25 08:15:00-06:00,266.6073626040053,195.97518253836122,180.12669690902214
2020-05-25 08:20:00-06:00,276.9687513377207,193.63921445252552,188.45683224725005
2020-05-25 08:25:00-06:00,287.08568353155465,190.85772940083731,196.8498668941967
2020-05-25 08:30:00-06:00,296.95034978124056,187.6970063672936,205.28700448280216
2020-05-25 08:35:00-06:00,306.55568411029367,184.2165162750962,213.74908889923003
2020-05-25 08:40:00-06:00,315.8950958825471,180.46909119785957,222.21683324338983
2020-05-25 08:45:00-06:00,324.9627960816715,176.50236244943076,230.67093862541444
2020-05-25 08:50:00-06:00,333.7533046982588,172.3583143368461,239.09229921509115
2020-05-25 08:55:00-06:00,342.26181129203644,168.0746347049523,247.46207604356402
2020-05-25 09:00:00-06:00,350.4839380005909,163.68474087543814,255.76181943238194
2020-05-25 09:05:00-06:00,360.1893072961428,162.34077228809485,263.8949588718808
2020-05-25 09:10:00-06:00,369.70540588661027,160.87634364026107,271.980552568867
2020-05-25 09:15:00-06:00,379.02714784517786,159.30834621594684,280.0084548873218
2020-05-25 09:20:00-06:00,388.14970522442957,157.65192020754247,287.96875657629323
2020-05-25 09:25:00-06:00,397.0684119996069,155.9205180389726,295.85179661061187
2020-05-25 09:30:00-06:00,405.7788299162134,154.1261792336793,303.6481827141177
2020-05-25 09:35:00-06:00,414.27684312768184,152.2798398798245,311.3487967124686
2020-05-25 09:40:00-06:00,422.5584406171905,150.39112502308362,318.9448122713491
2020-05-25 09:45:00-06:00,430.61980531654973,148.46863435420062,326.4276913889822
2020-05-25 09:50:00-06:00,438.4573988947307,146.5201541446714,333.7892004609106
2020-05-25 09:55:00-06:00,446.0679197050027,144.5526920261763,341.021412815467
2020-05-25 10:00:00-06:00,453.448002328295,142.57218681818497,348.1166883511694
2020-05-25 10:05:00-06:00,460.59471549264595,140.58422870041744,355.0677094485385
2020-05-25 10:10:00-06:00,467.5052658582285,138.59374749970752,361.86745947769094
2020-05-25 10:15:00-06:00,474.17695526221536,136.6050238625382,368.5092218524012
2020-05-25 10:20:00-06:00,480.60725224554324,134.62185088954075,374.98657610272636
2020-05-25 10:25:00-06:00,486.7939370595387,132.6477338137805,381.29342121097363
2020-05-25 10:30:00-06:00,492.734820400769,130.68562682646035,387.4239348006604
2020-05-25 10:35:00-06:00,498.42788067644244,128.73812815219773,393.37258922341863
2020-05-25 10:40:00-06:00,503.87135559517935,126.80761309260238,399.1341615544344
2020-05-25 10:45:00-06:00,509.0635976971291,124.89611579706539,404.70370838793605
2020-05-25 10:50:00-06:00,514.003224524266,123.00550338207536,410.07659248218863
2020-05-25 10:55:00-06:00,518.6887145798111,121.1371192828209,415.24840013108803
2020-05-25 11:00:00-06:00,523.1190545315086,119.29242838325742,420.21506112091504
2020-05-25 11:05:00-06:00,527.2931872041115,117.47251237510022,424.9727385586895
2020-05-25 11:10:00-06:00,531.2102126135624,115.6782811850793,429.5178650777242
2020-05-25 11:15:00-06:00,534.8694853161434,113.9105802118381,433.84715835968575
2020-05-25 11:20:00-06:00,538.2704649817623,112.1700665118795,437.9575889750721
2020-05-25 11:25:00-06:00,541.4128701797787,110.45735722854829,441.84641234670636
2020-05-25 11:30:00-06:00,544.2962489888223,108.77268917372852,445.51105443073845
2020-05-25 11:35:00-06:00,546.9206743756149,107.11650358334839,448.9492879337276
2020-05-25 11:40:00-06:00,549.2861514984016,105.48897156772047,452.1590739623615
2020-05-25 11:45:00-06:00,551.3928329460565,103.89018088346491,455.13861478474234
2020-05-25 11:50:00-06:00,553.2411240311712,102.32022713004567,457.8863796702108
2020-05-25 11:55:00-06:00,554.8316334744246,100.77917494634825,460.4010933347553
2020-05-25 12:00:00-06:00,556.1647763986426,99.26677914867177,462.6816051151994
2020-05-25 12:05:00-06:00,562.0284059056296,101.22034516647615,466.26190346981474
2020-05-25 12:10:00-06:00,567.682998270447,103.21312888905314,469.61508870029894
2020-05-25 12:15:00-06:00,573.1235947134178,105.24644074084824,472.736783257026
2020-05-25 12:20:00-06:00,578.3451625466072,107.32144147325133,475.622741902558
2020-05-25 12:25:00-06:00,583.3428220286853,109.43930740674138,478.26892610630574
2020-05-25 12:30:00-06:00,588.111738269867,111.60114508549246,480.67148049417
2020-05-25 12:35:00-06:00,592.6473525758148,113.80816735828785,482.8267983509887
2020-05-25 12:40:00-06:00,596.9450428269339,116.06142970117794,484.7314382360397
2020-05-25 12:45:00-06:00,601.0002969182186,118.36195840129362,486.3821776687756
2020-05-25 12:50:00-06:00,604.80889167565,120.71089020939459,487.77605884505743
2020-05-25 12:55:00-06:00,608.3665479122492,123.10919631647367,488.91031323345317
2020-05-25 13:00:00-06:00,611.6691069205191,125.55781555362667,489.78241146818914
2020-05-25 13:05:00-06:00,614.7127667893374,128.05784855835955,490.3901127163791
2020-05-25 13:10:00-06:00,617.4934459440726,130.6100237231735,490.73134821353676
2020-05-25 13:15:00-06:00,620.0075419030703,133.2153250140297,490.80437173030987
2020-05-25 13:20:00-06:00,622.2515856517153,135.87470414594088,490.60769444229237
2020-05-25 13:25:00-06:00,624.2218964444273,138.5887664560858,490.14004468583266
2020-05-25 13:30:00-06:00,625.9153398905643,141.35842907846632,489.40048817174716
2020-05-25 13:35:00-06:00,627.328692241881,144.184356024648,488.38833962045317
2020-05-25 13:40:00-06:00,628.4588761737216,147.06715522337228,487.103206512355
2020-05-25 13:45:00-06:00,629.3031940112558,150.00759308290944,485.54501518733287
2020-05-25 13:50:00-06:00,629.8586971698153,153.0059920320659,483.7139577329914
2020-05-25 13:55:00-06:00,630.1229375279166,156.06293122926868,481.61056779603337
2020-05-25 14:00:00-06:00,630.0936213891837,159.17891992555465,479.2356874502474
2020-05-25 14:05:00-06:00,629.7682770224837,162.35404166475146,476.59046696014383
2020-05-25 14:10:00-06:00,629.1449344068469,165.58862877172302,473.67640035206784
2020-05-25 14:15:00-06:00,628.2217884973392,168.88291914876797,470.4953112224938
2020-05-25 14:20:00-06:00,626.9968666117976,172.23668377743306,467.0493615665329
2020-05-25 14:25:00-06:00,625.4687015837682,175.64992695878828,463.34106206945194
2020-05-25 14:30:00-06:00,623.6359981311485,179.12252589718275,459.3732706896035
2020-05-25 14:35:00-06:00,621.4973064643596,182.6538401126577,455.1492147808531
2020-05-25 14:40:00-06:00,619.0517928187688,186.24356465483265,450.6724672392213
2020-05-25 14:45:00-06:00,616.2983688306625,189.8907137642952,445.9469940932761
2020-05-25 14:50:00-06:00,613.2365074993928,193.59455121384016,440.97711103129217
2020-05-25 14:55:00-06:00,609.8656493890109,197.35387131564957,435.76752709052425
2020-05-25 15:00:00-06:00,606.1854274625595,201.1672288715684,430.323341365935
2020-05-25 15:05:00-06:00,603.1223837978214,206.27007855139027,424.50545778918934
2020-05-25 15:10:00-06:00,599.7287469464852,211.4584720370486,418.43433245654467
2020-05-25 15:15:00-06:00,596.0036375071359,216.72999174983852,412.11733378619647
2020-05-25 15:20:00-06:00,591.9463910637021,222.08177944186357,405.56236757780397
2020-05-25 15:25:00-06:00,587.5565693136364,227.51049181815662,398.7778876636123
2020-05-25 15:30:00-06:00,582.8339554509851,233.01225266722534,391.7728934358389
2020-05-25 15:35:00-06:00,577.7785660266246,238.5825993115933,384.5569391431949
2020-05-25 15:40:00-06:00,572.390645866794,244.21642463872712,377.14012910682914
2020-05-25 15:45:00-06:00,566.6706807458714,249.90791243539522,369.5331251239528
2020-05-25 15:50:00-06:00,560.6193931991644,255.65046709199683,361.747139733568
2020-05-25 15:55:00-06:00,554.2377498459008,261.4366356782796,353.79393647868676
2020-05-25 16:00:00-06:00,547.5270130655097,267.25810209650854,345.6858118897979
2020-05-25 16:05:00-06:00,540.4885618200142,273.10527479231996,337.4356497593358
2020-05-25 16:10:00-06:00,533.1241282206955,278.96757714462166,329.0568390060789
2020-05-25 16:15:00-06:00,525.4357839701313,284.83334320083765,320.5632494612362
2020-05-25 16:20:00-06:00,517.4257878310478,290.68936643925633,311.96929672002807
2020-05-25 16:25:00-06:00,509.096549361524,296.52066805578346,303.2899411525215
2020-05-25 16:30:00-06:00,500.45100648794823,302.3110988289409,294.5405035710397
2020-05-25 16:35:00-06:00,491.49225835846903,308.0424219409574,285.7368014539153
2020-05-25 16:40:00-06:00,482.22362780069165,313.6942027515123,276.8951061580997
2020-05-25 16:45:00-06:00,472.64886353368814,319.2440351907472,268.0320103397669
2020-05-25 16:50:00-06:00,462.77202147003413,324.6670638086096,259.16443640534794
2020-05-25 16:55:00-06:00,452.59738805029485,329.93547230479487,250.3096557686662
2020-05-25 17:00:00-06:00,442.129659614981,335.0186484105633,241.48512099628792
2020-05-25 17:05:00-06:00,431.37393040134657,339.88280330538464,232.70842530696004
2020-05-25 17:10:00-06:00,420.33569230809684,344.49064546034833,223.99721609315839
2020-05-25 17:15:00-06:00,409.0206851937169,348.8004868428591,215.36923135407932
2020-05-25 17:20:00-06:00,397.4352239793342,352.7667434149162,206.8419858790811
2020-05-25 17:25:00-06:00,385.5859562530667,356.338704664456,198.43283096594868
2020-05-25 17:30:00-06:00,373.4801110462711,359.46069909479235,190.158678266338
2020-05-25 17:35:00-06:00,361.12540727312347,362.0712319405972,182.03591014703113
2020-05-25 17:40:00-06:00,348.53014673422973,364.1025397625605,174.0801814869354
2020-05-25 17:45:00-06:00,335.7032560965244,365.48001270160603,166.30619919807052
2020-05-25 17:50:00-06:00,322.654370825173,366.12159459011093,158.72748522450982
2020-05-25 17:55:00-06:00,309.3939020729003,365.9371517397138,151.35608999755615
2020-05-25 18:00:00-06:00,295.9331521686637,364.82784651314716,144.20227959533352
2020-05-25 18:05:00-06:00,282.28442202638837,362.6855176250409,137.27416434202465
2020-05-25 18:10:00-06:00,268.4611652631562,359.39212506024455,130.57728385020735
2020-05-25 18:15:00-06:00,254.47817655351884,354.8193142994859,124.11413236908507
2020-05-25 18:20:00-06:00,240.35180260217723,348.82817620452585,117.88360920413042
2020-05-25 18:25:00-06:00,226.1002386119206,341.2693761072416,111.88040407989166
2020-05-25 18:30:00-06:00,211.74386243466492,331.9838217399316,106.09428477510828
2020-05-25 18:35:00-06:00,197.30569259306895,320.8042447718047,100.50930091905522
2020-05-25 18:40:00-06:00,182.81193153893227,307.5581318592779,95.10287454780399
2020-05-25 18:45:00-06:00,168.29269642904504,292.0728115908193,89.84480007762615
2020-05-25 18:50:00-06:00,153.7829218810818,274.1837383331811,84.69615305011882
2020-05-25 18:55:00-06:00,139.32355103534354,253.7476406238082,79.6081896204958
2020-05-25 19:00:00-06:00,124.96307992850565,230.6627335312194,74.52139796871178
2020-05-25 19:05:00-06:00,110.75954784834181,204.89863915392195,69.36508784267188
2020-05-25 19:10:00-06:00,96.78316787722655,176.5382595804407,64.05840713946905
2020-05-25 19:15:00-06:00,83.11970918789848,145.829585261019,58.51462815323781
2020-05-25 19:20:00-06:00,69.87487799134045,113.23138112643323,52.65249737304414
2020-05-25 19:25:00-06:00,57.17976290122207,79.39634171068055,46.42159978496038
2020-05-25 19:30:00-06:00,45.19729323880108,44.940819454724696,39.85229187882861
2020-05-25 19:35:00-06:00,34.12885133658566,9.679533022557418,33.13755962095998
2020-05-25 19:40:00-06:00,24.21855025913865,0.0,24.21855025913865
2020-05-25 19:45:00-06:00,15.748713790435506,0.0,15.748713790435506
2020-05-25 19:50:00-06:00,9.012417555779928,0.0,9.012417555779928
2020-05-25 19:55:00-06:00,4.238271770728418,0.0,4.238271770728418
2020-05-25 20:00:00-06:00,1.4439928130122455,0.0,1.4439928130122455
2020-05-25 20:05:00-06:00,0.26589805711521997,0.0,0.26589805711521997
2020-05-25 20:10:00-06:00,0.0,0.0,0.0
2020-05-25 20:15:00-06:00,0.0,0.0,0.0
2020-05-25 20:20:00-06:00,0.0,0.0,0.0
2020-05-25 20:25:00-06:00,0.0,0.0,0.0
2020-05-25 20:30:00-06:00,0.0,0.0,0.0
2020-05-25 20:35:00-06:00,0.0,0.0,0.0
2020-05-25 20:40:00-06:00,0.0,0.0,0.0
2020-05-25 20:45:00-06:00,0.0,0.0,0.0
2020-05-25 20:50:00-06:00,0.0,0.0,0.0
2020-05-25 20:55:00-06:00,0.0,0.0,0.0
2020-05-25 21:00:00-06:00,0.0,0.0,0.0
2020-05-25 21:05:00-06:00,0.0,0.0,0.0
2020-05-25 21:10:00-06:00,0.0,0.0,0.0
2020-05-25 21:15:00-06:00,0.0,0.0,0.0
2020-05-25 21:20:00-06:00,0.0,0.0,0.0
2020-05-25 21:25:00-06:00,0.0,0.0,0.0
2020-05-25 21:30:00-06:00,0.0,0.0,0.0
2020-05-25 21:35:00-06:00,0.0,0.0,0.0
2020-05-25 21:40:00-06:00,0.0,0.0,0.0
2020-05-25 21:45:00-06:00,0.0,0.0,0.0
2020-05-25 21:50:00-06:00,0.0,0.0,0.0
2020-05-25 21:55:00-06:00,0.0,0.0,0.0
2020-05-25 22:00:00-06:00,0.0,0.0,0.0
2020-05-25 22:05:00-06:00,0.0,0.0,0.0
2020-05-25 22:10:00-06:00,0.0,0.0,0.0
2020-05-25 22:15:00-06:00,0.0,0.0,0.0
2020-05-25 22:20:00-06:00,0.0,0.0,0.0
2020-05-25 22:25:00-06:00,0.0,0.0,0.0
2020-05-25 22:30:00-06:00,0.0,0.0,0.0
2020-05-25 22:35:00-06:00,0.0,0.0,0.0
2020-05-25 22:40:00-06:00,0.0,0.0,0.0
2020-05-25 22:45:00-06:00,0.0,0.0,0.0
2020-05-25 22:50:00-06:00,0.0,0.0,0.0
2020-05-25 22:55:00-06:00,0.0,0.0,0.0
2020-05-25 23:00:00-06:00,0.0,0.0,0.0
2020-05-25 23:05:00-06:00,0.0,0.0,0.0
2020-05-25 23:10:00-06:00,0.0,0.0,0.0
2020-05-25 23:15:00-06:00,0.0,0.0,0.0
2020-05-25 23:20:00-06:00,0.0,0.0,0.0
2020-05-25 23:25:00-06:00,0.0,0.0,0.0
2020-05-25 23:30:00-06:00,0.0,0.0,0.0
2020-05-25 23:35:00-06:00,0.0,0.0,0.0
2020-05-25 23:40:00-06:00,0.0,0.0,0.0
2020-05-25 23:45:00-06:00,0.0,0.0,0.0
2020-05-25 23:50:00-06:00,0.0,0.0,0.0
2020-05-25 23:55:00-06:00,0.0,0.0,0.0
2020-05-26 00:00:00-06:00,0.0,0.0,0.0
2020-05-26 00:05:00-06:00,0.0,0.0,0.0
2020-05-26 00:10:00-06:00,0.0,0.0,0.0
2020-05-26 00:15:00-06:00,0.0,0.0,0.0
2020-05-26 00:20:00-06:00,0.0,0.0,0.0
2020-05-26 00:25:00-06:00,0.0,0.0,0.0
2020-05-26 00:30:00-06:00,0.0,0.0,0.0
2020-05-26 00:35:00-06:00,0.0,0.0,0.0
2020-05-26 00:40:00-06:00,0.0,0.0,0.0
2020-05-26 00:45:00-06:00,0.0,0.0,0.0
2020-05-26 00:50:00-06:00,0.0,0.0,0.0
2020-05-26 00:55:00-06:00,0.0,0.0,0.0
2020-05-26 01:00:00-06:00,0.0,0.0,0.0
2020-05-26 01:05:00-06:00,0.0,0.0,0.0
2020-05-26 01:10:00-06:00,0.0,0.0,0.0
2020-05-26 01:15:00-06:00,0.0,0.0,0.0
2020-05-26 01:20:00-06:00,0.0,0.0,0.0
2020-05-26 01:25:00-06:00,0.0,0.0,0.0
2020-05-26 01:30:00-06:00,0.0,0.0,0.0
2020-05-26 01:35:00-06:00,0.0,0.0,0.0
2020-05-26 01:40:00-06:00,0.0,0.0,0.0
2020-05-26 01:45:00-06:00,0.0,0.0,0.0
2020-05-26 01:50:00-06:00,0.0,0.0,0.0
2020-05-26 01:55:00-06:00,0.0,0.0,0.0
2020-05-26 02:00:00-06:00,0.0,0.0,0.0
2020-05-26 02:05:00-06:00,0.0,0.0,0.0
2020-05-26 02:10:00-06:00,0.0,0.0,0.0
2020-05-26 02:15:00-06:00,0.0,0.0,0.0
2020-05-26 02:20:00-06:00,0.0,0.0,0.0
2020-05-26 02:25:00-06:00,0.0,0.0,0.0
2020-05-26 02:30:00-06:00,0.0,0.0,0.0
2020-05-26 02:35:00-06:00,0.0,0.0,0.0
2020-05-26 02:40:00-06:00,0.0,0.0,0.0
2020-05-26 02:45:00-06:00,0.0,0.0,0.0
2020-05-26 02:50:00-06:00,0.0,0.0,0.0
2020-05-26 02:55:00-06:00,0.0,0.0,0.0
2020-05-26 03:00:00-06:00,0.0,0.0,0.0
2020-05-26 03:05:00-06:00,0.0,0.0,0.0
2020-05-26 03:10:00-06:00,0.0,0.0,0.0
2020-05-26 03:15:00-06:00,0.0,0.0,0.0
2020-05-26 03:20:00-06:00,0.0,0.0,0.0
2020-05-26 03:25:00-06:00,0.0,0.0,0.0
2020-05-26 03:30:00-06:00,0.0,0.0,0.0
2020-05-26 03:35:00-06:00,0.0,0.0,0.0
2020-05-26 03:40:00-06:00,0.0,0.0,0.0
2020-05-26 03:45:00-06:00,0.0,0.0,0.0
2020-05-26 03:50:00-06:00,0.0,0.0,0.0
2020-05-26 03:55:00-06:00,0.0,0.0,0.0
2020-05-26 04:00:00-06:00,0.0,0.0,0.0
2020-05-26 04:05:00-06:00,0.0,0.0,0.0
2020-05-26 04:10:00-06:00,0.0,0.0,0.0
2020-05-26 04:15:00-06:00,0.0,0.0,0.0
2020-05-26 04:20:00-06:00,0.0,0.0,0.0
2020-05-26 04:25:00-06:00,0.0,0.0,0.0
2020-05-26 04:30:00-06:00,0.0,0.0,0.0
2020-05-26 04:35:00-06:00,0.0,0.0,0.0
2020-05-26 04:40:00-06:00,0.0,0.0,0.0
2020-05-26 04:45:00-06:00,0.0,0.0,0.0
2020-05-26 04:50:00-06:00,0.0,0.0,0.0
2020-05-26 04:55:00-06:00,0.0,0.0,0.0
2020-05-26 05:00:00-06:00,0.0,0.0,0.0
2020-05-26 05:05:00-06:00,0.0,0.0,0.0
2020-05-26 05:10:00-06:00,0.0,0.0,0.0
2020-05-26 05:15:00-06:00,0.0,0.0,0.0
2020-05-26 05:20:00-06:00,0.0,0.0,0.0
2020-05-26 05:25:00-06:00,0.0,0.0,0.0
2020-05-26 05:30:00-06:00,0.0,0.0,0.0
2020-05-26 05:35:00-06:00,0.0,0.0,0.0
2020-05-26 05:40:00-06:00,0.0,0.0,0.0
2020-05-26 05:45:00-06:00,0.0,0.0,0.0
2020-05-26 05:50:00-06:00,0.0,0.0,0.0
2020-05-26 05:55:00-06:00,0.0,0.0,0.0
2020-05-26 06:00:00-06:00,0.09206683554956775,0.0,0.09206683554956775
2020-05-26 06:05:00-06:00,0.7638228504525922,0.0,0.7638228504525922
2020-05-26 06:10:00-06:00,2.6725185557284807,0.0,2.6725185557284807
2020-05-26 06:15:00-06:00,6.309497193104862,0.0,6.309497193104862
2020-05-26 06:20:00-06:00,11.818022454052318,0.0,11.818022454052318
2020-05-26 06:25:00-06:00,19.096308473902226,0.0,19.096308473902226
2020-05-26 06:30:00-06:00,27.938368443758684,0.0,27.938368443758684
2020-05-26 06:35:00-06:00,38.12035138862872,11.834191888471656,36.78113560007497
2020-05-26 06:40:00-06:00,49.43824737354522,43.73936529650747,43.76449546779822
2020-05-26 06:45:00-06:00,61.71905720517696,76.3245161365376,50.55226724358524
2020-05-26 06:50:00-06:00,74.820618455661,109.6755394477468,56.95169054922482
2020-05-26 06:55:00-06:00,88.62734684444438,143.28190173226977,62.89888577001336
2020-05-26 07:00:00-06:00,103.04536608259022,176.57393149171602,68.39826517793001
2020-05-26 07:05:00-06:00,117.99793653173244,209.10493143028347,73.48420714009873
2020-05-26 07:10:00-06:00,133.4218042975903,240.5814140102985,78.20023284928962
2020-05-26 07:15:00-06:00,149.26423155480424,270.83979327176036,82.58894769396183
2020-05-26 07:20:00-06:00,165.48063718748443,299.8119388510333,86.68782342503825
2020-05-26 07:25:00-06:00,182.03286435010548,327.4948460302065,90.52788373689063
2020-05-26 07:30:00-06:00,198.88784697161327,353.9274959216497,94.13370769629026
2020-05-26 07:35:00-06:00,216.01653220720493,379.17396202939165,97.52405153654801
2020-05-26 07:40:00-06:00,233.3929650149277,403.3115168905685,100.71269484264161
2020-05-26 07:45:00-06:00,250.99383832283178,426.42418836425395,103.70907025514094
2020-05-26 07:50:00-06:00,268.7977759114735,448.59664206931217,106.51915398187549
2020-05-26 07:55:00-06:00,286.7851715557321,469.9124965649134,109.14586728984477
2020-05-26 08:00:00-06:00,304.9376285192909,490.45113800999405,111.58983249134073
2020-05-26 08:05:00-06:00,323.2379773493826,510.2881805623568,113.84954653564978
2020-05-26 08:10:00-06:00,341.6697946714139,528.4916564772574,116.34916905044551
2020-05-26 08:15:00-06:00,360.21754281789316,551.8106031513183,116.1762555820518
2020-05-26 08:20:00-06:00,378.86612228038445,576.1193592446235,114.97299862203687
2020-05-26 08:25:00-06:00,397.60106204492746,599.2467627155581,113.71921969818573
2020-05-26 08:30:00-06:00,416.40830531887934,620.4850491821428,112.81562126428605
2020-05-26 08:35:00-06:00,435.2739959910193,639.8867310297672,112.32277453965719
2020-05-26 08:40:00-06:00,454.1847595657488,657.804071386819,112.14170555062236
2020-05-26 08:45:00-06:00,473.12725729544104,674.6327426409385,112.12786632660232
2020-05-26 08:50:00-06:00,492.0885636177496,690.7004896244136,112.14992402433285
2020-05-26 08:55:00-06:00,511.0557029896232,706.2330478892097,112.11409844916119
2020-05-26 09:00:00-06:00,530.0160724163571,721.3632485330403,111.96725690291674
2020-05-26 09:05:00-06:00,546.2938023705318,725.9858681481725,115.06642502723952
2020-05-26 09:10:00-06:00,562.3827544893051,730.088356234774,118.29372871779913
2020-05-26 09:15:00-06:00,578.273429345836,733.713523957023,121.64255230198586
2020-05-26 09:20:00-06:00,593.9565989089949,736.8990695768077,125.10686317729363
2020-05-26 09:25:00-06:00,609.4232751359244,739.6786982964361,128.68086197580408
2020-05-26 09:30:00-06:00,624.66471478745,742.082939182452,132.35874749484645
2020-05-26 09:35:00-06:00,639.672392824971,744.1397371542207,136.13455173239532
2020-05-26 09:40:00-06:00,654.4380104314156,745.874896851952,140.0020381302827
2020-05-26 09:45:00-06:00,668.9534720196365,747.3124130374572,143.95463120496595
2020-05-26 09:50:00-06:00,683.2108934996577,748.4747274668189,147.98538181140088
2020-05-26 09:55:00-06:00,697.2025915446903,749.3829271868701,152.08694729414105
2020-05-26 10:00:00-06:00,710.921074366973,750.0569024328485,156.2515858756824
2020-05-26 10:05:00-06:00,724.3590517676107,750.5154748402697,160.4711671601956
2020-05-26 10:10:00-06:00,737.5094180769344,750.7765008247176,164.73718214232144
2020-05-26 10:15:00-06:00,750.365264775361,750.85695812058,169.04076813543793
2020-05-26 10:20:00-06:00,762.9198650697884,750.7730172538805,173.37272918413225
2020-05-26 10:25:00-06:00,775.1666867683724,750.5401019435358,177.72356925275244
2020-05-26 10:30:00-06:00,787.0993782446384,750.1729401474496,182.0835190201708
2020-05-26 10:35:00-06:00,798.7117797615513,749.6856071488489,186.44257369235356
2020-05-26 10:40:00-06:00,809.9979183234412,749.0915623950149,190.79052683681823
2020-05-26 10:45:00-06:00,820.9520035109443,748.4036812060551,195.1170057021959
2020-05-26 10:50:00-06:00,831.5684383244524,747.6342809870295,199.4115135289445
2020-05-26 10:55:00-06:00,841.841807940658,746.7951448404614,203.66346404110095
2020-05-26 11:00:00-06:00,851.766891727295,745.8975402763886,207.86222581442212
2020-05-26 11:05:00-06:00,861.3386529503765,744.9522367548192,211.99715789664765
2020-05-26 11:10:00-06:00,870.55225022784,743.9695189026187,216.05765467433855
2020-05-26 11:15:00-06:00,879.4030281160182,742.9591995651178,220.03318179157895
2020-05-26 11:20:00-06:00,887.8865268125287,741.9306291013618,223.91332014292755
2020-05-26 11:25:00-06:00,895.9984791585904,740.8927043964657,227.6878039310368
2020-05-26 11:30:00-06:00,903.7348085663231,739.8538765564076,231.34655839363563
2020-05-26 11:35:00-06:00,911.0916374836099,738.8221560312425,234.8797417569158
2020-05-26 11:40:00-06:00,918.0652800723502,737.8051188187347,238.27777886814226
2020-05-26 11:45:00-06:00,924.6522510676818,736.8099095971851,241.5314014821114
2020-05-26 11:50:00-06:00,930.8492592503727,735.8432463138486,244.63167992690956
2020-05-26 11:55:00-06:00,936.6532154421848,734.9114219997692,247.57006056090495
2020-05-26 12:00:00-06:00,942.0612267590077,734.0203081556049,250.33839495636846
2020-05-26 12:05:00-06:00,947.0706030555873,733.1753557798195,252.92897362202564
2020-05-26 12:10:00-06:00,951.6788551706563,732.3815973267291,255.3345539056943
2020-05-26 12:15:00-06:00,955.8836940833042,731.6436482694504,257.54838648595285
2020-05-26 12:20:00-06:00,959.6830358143043,730.9657074325872,259.56424295844624
2020-05-26 12:25:00-06:00,963.0749975565586,730.3515586986442,261.37643677681024
2020-05-26 12:30:00-06:00,966.0579023103741,729.8045711277249,262.9798465257235
2020-05-26 12:35:00-06:00,968.6302757133167,729.3277004514437,264.36993278252
2020-05-26 12:40:00-06:00,970.790849606165,728.9234893717685,265.5427562290197
2020-05-26 12:45:00-06:00,972.5385595331522,728.594069035185,266.49499007995405
2020-05-26 12:50:00-06:00,973.8725470632486,728.3411596721404,267.2239326753769
2020-05-26 12:55:00-06:00,974.7921587350684,728.1660718817217,267.72751583301476
2020-05-26 13:00:00-06:00,975.2969459344882,728.0697076707712,268.004311382197
2020-05-26 13:05:00-06:00,975.3866655841603,728.0525611433576,268.0535359532229
2020-05-26 13:10:00-06:00,975.061279567652,728.1147191170035,267.8750530167923
2020-05-26 13:15:00-06:00,974.3209548144633,728.2558612156201,267.4693733225688
2020-05-26 13:20:00-06:00,973.1660636653864,728.4752594952523,266.8376535472323
2020-05-26 13:25:00-06:00,971.5971831068714,728.7717779283004,265.98169231507813
2020-05-26 13:30:00-06:00,969.6150960202694,729.1438712578295,264.9039251896738
2020-05-26 13:35:00-06:00,967.2207898061557,729.5895842263958,263.60741596471337
2020-05-26 13:40:00-06:00,964.415456643546,730.1065504754745,262.0958464745702
2020-05-26 13:45:00-06:00,961.2004946427871,730.6919913330414,260.3735044441049
2020-05-26 13:50:00-06:00,957.5775047489562,731.3427154458831,258.4452666214943
2020-05-26 13:55:00-06:00,953.5482937480089,732.0551173450032,256.3165827993596
2020-05-26 14:00:00-06:00,949.1148698535576,732.825177349479,253.99345357928792
2020-05-26 14:05:00-06:00,944.279446410238,733.6484599706985,251.48241023423554
2020-05-26 14:10:00-06:00,939.044436446856,734.5201137911523,248.79048767513314
2020-05-26 14:15:00-06:00,933.4124571072509,735.4348694589509,245.92520058789842
2020-05-26 14:20:00-06:00,927.3863240599596,736.3870391131546,242.89451252733488
2020-05-26 14:25:00-06:00,920.9690525096717,737.3705143547097,239.70680669415367
2020-05-26 14:30:00-06:00,914.1638591213502,738.3787637257642,236.3708554680752
2020-05-26 14:35:00-06:00,906.9741549375008,739.4048310538697,232.8957839991
2020-05-26 14:40:00-06:00,899.4035517232636,740.441331210289,229.2910390272723
2020-05-26 14:45:00-06:00,891.4558532819001,741.4804473609267,225.56634915557083
2020-05-26 14:50:00-06:00,883.1350625902413,742.5139252146829,221.7316915982118
2020-05-26 14:55:00-06:00,874.4453722864124,743.5330685538729,217.79725011919197
2020-05-26 15:00:00-06:00,865.3911726121996,744.528731461903,213.773380266775
2020-05-26 15:05:00-06:00,855.9770424117947,745.4913113468583,209.67056620357346
2020-05-26 15:10:00-06:00,846.207751471326,746.4107390987735,205.49938226826202
2020-05-26 15:15:00-06:00,836.0882637658872,747.2764676141787,201.2704544446783
2020-05-26 15:20:00-06:00,825.6237273249792,748.0774595256999,196.9944160780982
2020-05-26 15:25:00-06:00,814.8194843109687,748.8021708554527,192.68187216378078
2020-05-26 15:30:00-06:00,803.6810591081379,749.4385337577336,188.34335484176802
2020-05-26 15:35:00-06:00,792.2141693354364,749.973934515315,183.9892886353349
2020-05-26 15:40:00-06:00,780.4247134580168,750.3951893351325,179.6299472042299
2020-05-26 15:45:00-06:00,768.318782807094,750.6885146357519,175.27542045871485
2020-05-26 15:50:00-06:00,755.9026505353135,750.8394933149998,170.93557426200903
2020-05-26 15:55:00-06:00,743.1827763173717,750.8330343885323,166.62001767031313
2020-05-26 16:00:00-06:00,730.1658120714067,750.6533258852942,162.33807223015242
2020-05-26 16:05:00-06:00,716.8585906543237,750.2837790497047,158.09873810506315
2020-05-26 16:10:00-06:00,703.2681409353079,749.7069623978005,153.91067207500168
2020-05-26 16:15:00-06:00,689.401675072706,748.9045222806748,149.7821605070734
2020-05-26 16:20:00-06:00,675.2666051517162,747.8570882922292,145.72110663109243
2020-05-26 16:25:00-06:00,660.8705309977979,746.5441564571562,141.7350158149203
2020-05-26 16:30:00-06:00,646.2212586708384,744.9439474162497,137.83099881437204
2020-05-26 16:35:00-06:00,631.3267912723592,743.0332264620035,134.01577943425121
2020-05-26 16:40:00-06:00,616.1953397068914,740.7870765236568,130.2957248284364
2020-05-26 16:45:00-06:00,600.8353352245833,738.1786051770279,126.67689962658045
2020-05-26 16:50:00-06:00,585.2554227437504,735.178555265932,123.16514888204637
2020-05-26 16:55:00-06:00,569.4644864964029,731.7547893936234,119.76623584536651
2020-05-26 17:00:00-06:00,553.4716443276858,727.8715822106577,116.48603878568196
2020-05-26 17:05:00-06:00,537.2862778165269,723.4886550526455,113.33084807358364
2020-05-26 17:10:00-06:00,520.918030885339,718.5598283944239,110.30778320301852
2020-05-26 17:15:00-06:00,504.37684598549396,713.0311608245653,107.42538559062768
2020-05-26 17:20:00-06:00,487.67297127643053,706.8383689967213,104.69441821393804
2020-05-26 17:25:00-06:00,470.81699397361973,699.9033358817143,102.12891332010508
2020-05-26 17:30:00-06:00,453.8198793490068,692.1295446641152,99.74744168499592
2020-05-26 17:35:00-06:00,436.6929933288694,683.396506703126,97.57443845797638
2020-05-26 17:40:00-06:00,419.44816688246254,673.5539723045185,95.6411106395608
2020-05-26 17:45:00-06:00,402.09773317648495,662.4183067148892,93.98475895423513
2020-05-26 17:50:00-06:00,384.65461304376225,649.7771047382126,92.64404507558089
2020-05-26 17:55:00-06:00,367.1323774269995,635.4153677944212,91.64531442066925
2020-05-26 18:00:00-06:00,349.54536452841006,619.1902970653382,90.97113736772735
2020-05-26 18:05:00-06:00,331.908783441789,601.2041718554229,90.49670486110125
2020-05-26 18:10:00-06:00,314.23886822663883,582.1546355408566,89.87476653483711
2020-05-26 18:15:00-06:00,296.5530660388673,563.9602620448258,88.35341626248746
2020-05-26 18:20:00-06:00,278.87024443853664,546.2583972113648,86.11232207633742
2020-05-26 18:25:00-06:00,261.21098884773977,526.6218409193539,84.00474644401916
2020-05-26 18:30:00-06:00,243.59793198010462,505.19554304223266,81.90392935738353
2020-05-26 18:35:00-06:00,226.0562112014869,481.8338829042136,79.78330420575926
2020-05-26 18:40:00-06:00,208.6140047734915,456.3868872924374,77.61108914187767
2020-05-26 18:45:00-06:00,191.30325788536214,428.7047796219123,75.34950430238291
2020-05-26 18:50:00-06:00,174.16057270998752,398.6456376657006,72.95385412551468
2020-05-26 18:55:00-06:00,157.22838391956986,366.0880568438773,70.3714840078768
2020-05-26 19:00:00-06:00,140.55647873991612,330.9515267622384,67.54066972947713
2020-05-26 19:05:00-06:00,124.20394774746119,293.228315558174,64.38965629501749
2020-05-26 19:10:00-06:00,108.24176046754005,253.03156241957743,60.836472791672996
2020-05-26 19:15:00-06:00,92.7560620213337,210.66227525057766,56.79105069561924
2020-05-26 19:20:00-06:00,77.85243475475411,166.687681367243,52.163190284879605
2020-05-26 19:25:00-06:00,63.66117550309989,121.98716139466275,46.883712363780575
2020-05-26 19:30:00-06:00,50.34354571303175,77.62585429016947,40.95180072813075
2020-05-26 19:35:00-06:00,38.098171667879036,34.21422841541702,34.523403568051194
2020-05-26 19:40:00-06:00,27.165258703770224,0.0,27.165258703770224
2020-05-26 19:45:00-06:00,17.82254356275147,0.0,17.82254356275147
2020-05-26 19:50:00-06:00,10.359659369204655,0.0,10.359659369204655
2020-05-26 19:55:00-06:00,5.006968100178077,0.0,5.006968100178077
2020-05-26 20:00:00-06:00,1.7936697928885623,0.0,1.7936697928885623
2020-05-26 20:05:00-06:00,0.3698797097655991,0.0,0.3698797097655991
2020-05-26 20:10:00-06:00,0.004499721035442885,0.0,0.004499721035442885
2020-05-26 20:15:00-06:00,0.0,0.0,0.0
2020-05-26 20:20:00-06:00,0.0,0.0,0.0
2020-05-26 20:25:00-06:00,0.0,0.0,0.0
2020-05-26 20:30:00-06:00,0.0,0.0,0.0
2020-05-26 20:35:00-06:00,0.0,0.0,0.0
2020-05-26 20:40:00-06:00,0.0,0.0,0.0
2020-05-26 20:45:00-06:00,0.0,0.0,0.0
2020-05-26 20:50:00-06:00,0.0,0.0,0.0
2020-05-26 20:55:00-06:00,0.0,0.0,0.0
2020-05-26 21:00:00-06:00,0.0,0.0,0.0
2020-05-26 21:05:00-06:00,0.0,0.0,0.0
2020-05-26 21:10:00-06:00,0.0,0.0,0.0
2020-05-26 21:15:00-06:00,0.0,0.0,0.0
2020-05-26 21:20:00-06:00,0.0,0.0,0.0
2020-05-26 21:25:00-06:00,0.0,0.0,0.0
2020-05-26 21:30:00-06:00,0.0,0.0,0.0
2020-05-26 21:35:00-06:00,0.0,0.0,0.0
2020-05-26 21:40:00-06:00,0.0,0.0,0.0
2020-05-26 21:45:00-06:00,0.0,0.0,0.0
2020-05-26 21:50:00-06:00,0.0,0.0,0.0
2020-05-26 21:55:00-06:00,0.0,0.0,0.0
2020-05-26 22:00:00-06:00,0.0,0.0,0.0
2020-05-26 22:05:00-06:00,0.0,0.0,0.0
2020-05-26 22:10:00-06:00,0.0,0.0,0.0
2020-05-26 22:15:00-06:00,0.0,0.0,0.0
2020-05-26 22:20:00-06:00,0.0,0.0,0.0
2020-05-26 22:25:00-06:00,0.0,0.0,0.0
2020-05-26 22:30:00-06:00,0.0,0.0,0.0
2020-05-26 22:35:00-06:00,0.0,0.0,0.0
2020-05-26 22:40:00-06:00,0.0,0.0,0.0
2020-05-26 22:45:00-06:00,0.0,0.0,0.0
2020-05-26 22:50:00-06:00,0.0,0.0,0.0
2020-05-26 22:55:00-06:00,0.0,0.0,0.0
2020-05-26 23:00:00-06:00,0.0,0.0,0.0
2020-05-26 23:05:00-06:00,0.0,0.0,0.0
2020-05-26 23:10:00-06:00,0.0,0.0,0.0
2020-05-26 23:15:00-06:00,0.0,0.0,0.0
2020-05-26 23:20:00-06:00,0.0,0.0,0.0
2020-05-26 23:25:00-06:00,0.0,0.0,0.0
2020-05-26 23:30:00-06:00,0.0,0.0,0.0
2020-05-26 23:35:00-06:00,0.0,0.0,0.0
2020-05-26 23:40:00-06:00,0.0,0.0,0.0
2020-05-26 23:45:00-06:00,0.0,0.0,0.0
2020-05-26 23:50:00-06:00,0.0,0.0,0.0
2020-05-26 23:55:00-06:00,0.0,0.0,0.0
2020-05-27 00:00:00-06:00,0.0,0.0,0.0
